zone,day_cet,hours,gross_margin_eur,degradation_eur,net_margin_eur,charge_mwh,discharge_mwh,equivalent_full_cycles
DE-LU,2024-01-01,24,68.54269169584205,18.486832980505135,50.05585871533692,2.05409255338946,1.8486832980505137,0.9743416490252569
DE-LU,2024-01-02,24,149.06932144575987,28.460498941515414,120.60882250424444,3.1622776601683795,2.846049894151541,1.4999999999999998
DE-LU,2024-01-03,24,96.62016880181784,18.973665961010276,77.64650284080756,2.1081851067789197,1.8973665961010275,1.0
DE-LU,2024-01-04,24,159.79708069115338,28.460498941515414,131.33658174963796,3.1622776601683795,2.846049894151541,1.4999999999999998
DE-LU,2024-01-05,24,35.566058966174666,18.486832980505135,17.079225985669524,2.05409255338946,1.8486832980505137,0.9743416490252569
DE-LU,2024-01-06,24,35.38975285401028,18.486832980505135,16.90291987350514,2.05409255338946,1.8486832980505137,0.9743416490252569
DE-LU,2024-01-07,24,33.11216426481843,18.486832980505135,14.62533128431329,2.05409255338946,1.8486832980505137,0.9743416490252569
DE-LU,2024-01-08,24,93.50351316800726,36.973665961010276,56.529847206996976,4.108185106778919,3.6973665961010274,1.9486832980505138
DE-LU,2024-01-09,24,101.37370258572469,36.973665961010276,64.4000366247144,4.10818510677892,3.6973665961010274,1.9486832980505138
DE-LU,2024-01-10,24,114.75300519296877,36.973665961010276,77.77933923195849,4.10818510677892,3.6973665961010274,1.9486832980505138
DE-LU,2024-01-11,24,131.3663140232852,37.94733192202055,93.4189821012647,4.216370213557839,3.794733192202055,2.0
DE-LU,2024-01-12,24,95.30456575091529,28.973665961010276,66.330899789905,3.219296217890031,2.8973665961010275,1.52704627669473
DE-LU,2024-01-13,24,18.777423950239324,9.486832980505138,9.290590969734183,1.0540925533894598,0.9486832980505138,0.5
DE-LU,2024-01-14,24,42.226003374121476,18.486832980505135,23.739170393616334,2.05409255338946,1.8486832980505137,0.9743416490252569
DE-LU,2024-01-15,24,55.18468026252657,18.973665961010276,36.211014301516286,2.1081851067789197,1.8973665961010275,1.0
DE-LU,2024-01-16,24,145.38191614548748,37.94733192202055,107.43458422346691,4.216370213557839,3.794733192202055,2.0
DE-LU,2024-01-17,24,93.3731889878089,18.973665961010276,74.39952302679862,2.1081851067789197,1.8973665961010275,1.0
DE-LU,2024-01-18,24,78.55093835516112,18.973665961010276,59.57727239415084,2.1081851067789197,1.8973665961010275,1.0
DE-LU,2024-01-19,24,73.9978813822321,28.973665961010276,45.02421542122181,3.219296217890031,2.8973665961010275,1.52704627669473
DE-LU,2024-01-20,24,46.79337743020929,18.973665961010276,27.819711469199007,2.1081851067789197,1.8973665961010275,1.0
DE-LU,2024-01-21,24,53.27771621103369,26.999999999999996,26.27771621103369,3.0,2.6999999999999997,1.4230249470757705
DE-LU,2024-01-22,24,111.23103364496481,27.973665961010273,83.25736768395456,3.1081851067789197,2.7973665961010274,1.4743416490252568
DE-LU,2024-01-23,24,128.01232179554438,28.973665961010276,99.03865583453411,3.219296217890031,2.8973665961010275,1.52704627669473
DE-LU,2024-01-24,24,75.99234161250092,27.486832980505135,48.50550863199578,3.05409255338946,2.748683298050514,1.4486832980505138
DE-LU,2024-01-25,24,101.81260862710982,18.973665961010276,82.83894266609954,2.1081851067789197,1.8973665961010275,1.0
DE-LU,2024-01-26,24,44.339889115991156,26.999999999999996,17.339889115991156,3.0,2.6999999999999997,1.4230249470757705
DE-LU,2024-01-27,24,68.10176447488666,36.486832980505135,31.614931494381523,4.054092553389459,3.6486832980505133,1.9230249470757705
DE-LU,2024-01-28,24,51.371075943284765,19.486832980505138,31.88424296277961,2.165203664500571,1.9486832980505138,1.02704627669473
DE-LU,2024-01-29,24,131.53767237263133,37.94733192202055,93.59034045061077,4.216370213557839,3.794733192202055,2.0
DE-LU,2024-01-30,24,68.2121177447884,37.46049894151541,30.751618803272976,4.162277660168379,3.746049894151541,1.9743416490252568
DE-LU,2024-01-31,24,124.41007733529406,36.973665961010276,87.43641137428378,4.108185106778919,3.6973665961010274,1.9486832980505138
DE-LU,2024-02-01,24,98.12630577554253,36.486832980505135,61.63947279503739,4.054092553389459,3.6486832980505133,1.9230249470757705
DE-LU,2024-02-02,24,81.01858862769186,27.973665961010276,53.04492266668157,3.1081851067789197,2.7973665961010274,1.4743416490252568
DE-LU,2024-02-03,24,116.04383431268184,46.94733192202055,69.0965023906613,5.216370213557839,4.6947331922020545,2.4743416490252566
DE-LU,2024-02-04,24,112.5230326706357,28.460498941515414,84.0625337291203,3.1622776601683795,2.846049894151541,1.4999999999999998
DE-LU,2024-02-05,24,187.93429306977612,37.46049894151541,150.4737941282607,4.16227766016838,3.746049894151541,1.9743416490252568
DE-LU,2024-02-06,24,123.64842185252019,37.94733192202055,85.70108993049962,4.216370213557839,3.794733192202055,2.0
DE-LU,2024-02-07,24,124.14373212557423,18.973665961010276,105.17006616456395,2.1081851067789197,1.8973665961010275,1.0
DE-LU,2024-02-08,24,88.88106910680132,18.973665961010276,69.90740314579104,2.1081851067789197,1.8973665961010275,1.0
DE-LU,2024-02-09,24,53.35985174300865,18.973665961010276,34.386185781998364,2.1081851067789197,1.8973665961010275,1.0
DE-LU,2024-02-10,24,33.98847476294564,18.973665961010276,15.01480880193536,2.1081851067789197,1.8973665961010275,1.0
DE-LU,2024-02-11,24,30.454908890335957,9.486832980505138,20.968075909830816,1.0540925533894598,0.9486832980505138,0.5
DE-LU,2024-02-12,24,108.08947556995167,37.94733192202055,70.1421436479311,4.216370213557839,3.794733192202055,2.0
DE-LU,2024-02-13,24,88.59645864455769,37.94733192202055,50.64912672253712,4.216370213557839,3.794733192202055,2.0
DE-LU,2024-02-14,24,46.826942196703214,27.486832980505135,19.340109216198073,3.05409255338946,2.748683298050514,1.4486832980505138
DE-LU,2024-02-15,24,39.66214181082158,18.973665961010276,20.688475849811297,2.1081851067789197,1.8973665961010275,1.0
DE-LU,2024-02-16,24,53.44606080328417,37.46049894151541,15.985561861768758,4.16227766016838,3.746049894151541,1.9743416490252568
DE-LU,2024-02-17,24,59.99242917973251,18.486832980505135,41.50559619922737,2.05409255338946,1.8486832980505137,0.9743416490252569
DE-LU,2024-02-18,24,55.647974022820705,27.973665961010276,27.67430806181045,3.1081851067789197,2.7973665961010274,1.4743416490252568
DE-LU,2024-02-19,24,76.95137504763778,28.486832980505135,48.46454206713267,3.165203664500571,2.8486832980505135,1.5013879257199867
DE-LU,2024-02-20,24,86.50295541135381,37.46049894151541,49.04245646983841,4.162277660168379,3.746049894151541,1.9743416490252568
DE-LU,2024-02-21,24,94.7943375266356,36.973665961010276,57.82067156562533,4.10818510677892,3.6973665961010274,1.9486832980505138
DE-LU,2024-02-22,24,119.54882398548207,18.973665961010276,100.57515802447179,2.1081851067789197,1.8973665961010275,1.0
DE-LU,2024-02-23,24,128.23887954002305,37.46049894151541,90.77838059850764,4.16227766016838,3.746049894151541,1.9743416490252568
DE-LU,2024-02-24,24,80.15765773350532,28.460498941515414,51.69715879198992,3.1622776601683795,2.846049894151541,1.4999999999999998
DE-LU,2024-02-25,24,56.33730740584102,18.486832980505135,37.850474425335904,2.05409255338946,1.8486832980505137,0.9743416490252569
DE-LU,2024-02-26,24,68.687626713406,37.46049894151541,31.227127771890608,4.16227766016838,3.746049894151541,1.9743416490252568
DE-LU,2024-02-27,24,133.51726257385957,37.94733192202055,95.56993065183906,4.216370213557839,3.794733192202055,2.0
DE-LU,2024-02-28,24,119.6446174740598,37.94733192202055,81.69728555203923,4.216370213557839,3.794733192202055,2.0
DE-LU,2024-02-29,24,69.87457353940741,37.46049894151541,32.41407459789198,4.16227766016838,3.746049894151541,1.9743416490252568
DE-LU,2024-03-01,24,56.328797235791995,28.973665961010276,27.35513127478174,3.219296217890031,2.8973665961010275,1.52704627669473
DE-LU,2024-03-02,24,58.13717560484736,18.973665961010276,39.163509643837074,2.1081851067789197,1.8973665961010275,1.0
DE-LU,2024-03-03,24,37.45380439771038,9.486832980505138,27.966971417205237,1.0540925533894598,0.9486832980505138,0.5
DE-LU,2024-03-04,24,116.58539032650017,37.94733192202055,78.63805840447961,4.216370213557839,3.794733192202055,2.0
DE-LU,2024-03-05,24,67.57591880588944,18.973665961010276,48.60225284487919,2.1081851067789197,1.8973665961010275,1.0
DE-LU,2024-03-06,24,132.5944458252668,37.94733192202055,94.64711390324624,4.216370213557839,3.794733192202055,2.0
DE-LU,2024-03-07,24,103.30956028823243,37.46049894151541,65.84906134671701,4.16227766016838,3.7460498941515414,1.974341649025257
DE-LU,2024-03-08,24,168.3501910317294,37.46049894151541,130.889692090214,4.16227766016838,3.7460498941515414,1.974341649025257
DE-LU,2024-03-09,24,144.20461526281622,27.973665961010273,116.23094930180598,3.1081851067789197,2.7973665961010274,1.4743416490252568
DE-LU,2024-03-10,24,127.37375368026632,18.973665961010276,108.40008771925605,2.1081851067789197,1.8973665961010275,1.0
DE-LU,2024-03-11,24,101.49002998999582,36.973665961010276,64.51636402898556,4.10818510677892,3.6973665961010274,1.9486832980505138
DE-LU,2024-03-12,24,117.16356828150634,28.973665961010276,88.18990232049606,3.219296217890031,2.8973665961010275,1.52704627669473
DE-LU,2024-03-13,24,83.80557768203487,37.94733192202055,45.858245760014285,4.216370213557839,3.794733192202055,2.0
DE-LU,2024-03-14,24,135.98764935595167,37.94733192202055,98.04031743393111,4.216370213557839,3.794733192202055,2.0
DE-LU,2024-03-15,24,119.01506745824061,37.94733192202055,81.06773553622004,4.216370213557839,3.794733192202055,2.0
DE-LU,2024-03-16,24,97.67845010582172,19.486832980505138,78.19161712531661,2.165203664500571,1.9486832980505138,1.02704627669473
DE-LU,2024-03-17,24,78.1135720774198,27.973665961010273,50.13990611640952,3.1081851067789197,2.7973665961010274,1.4743416490252568
DE-LU,2024-03-18,24,161.1671164905996,37.94733192202055,123.21978456857906,4.216370213557839,3.794733192202055,2.0
DE-LU,2024-03-19,24,171.0174868542062,37.94733192202055,133.07015493218563,4.2163702135578385,3.794733192202055,2.0
DE-LU,2024-03-20,24,236.63076678336822,37.94733192202055,198.68343486134765,4.216370213557839,3.794733192202055,2.0
DE-LU,2024-03-21,24,145.74237891243476,37.94733192202055,107.79504699041419,4.216370213557839,3.794733192202055,2.0
DE-LU,2024-03-22,24,123.83849380728444,37.94733192202055,85.8911618852639,4.216370213557839,3.794733192202055,2.0
DE-LU,2024-03-23,24,189.72303126639818,28.460498941515414,161.26253232488276,3.1622776601683795,2.846049894151541,1.4999999999999998
DE-LU,2024-03-24,24,116.81842566565447,28.973665961010276,87.84475970464419,3.219296217890031,2.8973665961010275,1.52704627669473
DE-LU,2024-03-25,24,235.72977988449443,37.94733192202055,197.78244796247387,4.216370213557839,3.794733192202055,2.0
DE-LU,2024-03-26,24,153.30591884438948,28.460498941515414,124.84541990287406,3.1622776601683795,2.846049894151541,1.4999999999999998
DE-LU,2024-03-27,24,127.85173789850023,37.94733192202055,89.90440597647967,4.216370213557839,3.794733192202055,2.0
DE-LU,2024-03-28,24,197.90630446557935,37.46049894151541,160.44580552406393,4.16227766016838,3.7460498941515414,1.974341649025257
DE-LU,2024-03-29,24,121.81036888434468,27.486832980505135,94.32353590383954,3.05409255338946,2.748683298050514,1.4486832980505138
DE-LU,2024-03-30,24,135.67737079647856,27.973665961010273,107.70370483546827,3.1081851067789197,2.7973665961010274,1.4743416490252568
DE-LU,2024-03-31,23,205.12661282649955,28.460498941515414,176.6661138849841,3.1622776601683795,2.846049894151541,1.4999999999999998
DE-LU,2024-04-01,24,157.16182516662218,37.46049894151541,119.70132622510674,4.16227766016838,3.7460498941515414,1.974341649025257
DE-LU,2024-04-02,24,243.22876599660006,37.94733192202055,205.28143407457952,4.216370213557839,3.794733192202055,2.0
DE-LU,2024-04-03,24,147.78419927848435,37.94733192202055,109.83686735646378,4.216370213557839,3.794733192202055,2.0
DE-LU,2024-04-04,24,75.23393436258239,37.46049894151541,37.773435421066964,4.16227766016838,3.7460498941515414,1.974341649025257
DE-LU,2024-04-05,24,153.34385926074546,28.460498941515414,124.88336031923004,3.1622776601683795,2.846049894151541,1.4999999999999998
DE-LU,2024-04-06,24,295.59655056320344,37.46049894151541,258.136051621688,4.16227766016838,3.7460498941515414,1.974341649025257
DE-LU,2024-04-07,24,185.95221238059838,28.460498941515414,157.491713439083,3.1622776601683795,2.846049894151541,1.4999999999999998
DE-LU,2024-04-08,24,243.35195929337198,37.94733192202055,205.4046273713514,4.216370213557836,3.794733192202055,2.0
DE-LU,2024-04-09,24,197.9689171390666,37.94733192202055,160.02158521704604,4.216370213557839,3.794733192202055,2.0
DE-LU,2024-04-10,24,418.3936208896449,47.434164902525694,370.9594559871192,5.270462766947299,4.743416490252569,2.5
DE-LU,2024-04-11,24,256.55085292711226,37.46049894151541,219.0903539855968,4.16227766016838,3.7460498941515414,1.974341649025257
DE-LU,2024-04-12,24,271.32065979865155,37.94733192202055,233.37332787663098,4.216370213557839,3.794733192202055,2.0
DE-LU,2024-04-13,24,305.4494411107452,38.46049894151541,266.9889421692298,4.273388771279491,3.846049894151541,2.0270462766947297
DE-LU,2024-04-14,24,276.9984482635592,37.46049894151541,239.53794932204383,4.16227766016838,3.7460498941515414,1.974341649025257
DE-LU,2024-04-15,24,321.00266024879784,37.94733192202055,283.05532832677727,4.216370213557839,3.794733192202055,2.0
DE-LU,2024-04-16,24,193.91552040489665,37.94733192202055,155.96818848287612,4.216370213557839,3.794733192202055,2.0
DE-LU,2024-04-17,24,280.2626978468535,37.94733192202055,242.31536592483292,4.216370213557839,3.794733192202055,2.0
DE-LU,2024-04-18,24,188.86357948262003,37.94733192202055,150.91624756059946,4.216370213557839,3.794733192202055,2.0
DE-LU,2024-04-19,24,77.09413898112078,37.94733192202055,39.14680705910021,4.216370213557839,3.794733192202055,2.0
DE-LU,2024-04-20,24,131.68868483703818,18.973665961010276,112.71501887602791,2.1081851067789197,1.8973665961010275,1.0
DE-LU,2024-04-21,24,168.56016008764232,18.973665961010276,149.58649412663203,2.1081851067789197,1.8973665961010275,1.0
DE-LU,2024-04-22,24,213.18761873121213,37.94733192202055,175.24028680919156,4.216370213557839,3.794733192202055,2.0
DE-LU,2024-04-23,24,199.1474141684481,37.94733192202055,161.20008224642754,4.216370213557839,3.794733192202055,2.0
DE-LU,2024-04-24,24,148.72311705229458,37.94733192202055,110.77578513027403,4.216370213557839,3.794733192202055,2.0
DE-LU,2024-04-25,24,202.47715705113052,37.94733192202055,164.52982512910995,4.216370213557839,3.794733192202055,2.0
DE-LU,2024-04-26,24,137.24783052691407,37.94733192202055,99.30049860489352,4.216370213557839,3.794733192202055,2.0
DE-LU,2024-04-27,24,237.02833792298327,28.460498941515414,208.56783898146784,3.1622776601683795,2.846049894151541,1.4999999999999998
DE-LU,2024-04-28,24,259.671326733991,18.973665961010276,240.69766077298067,2.1081851067789197,1.8973665961010275,1.0
DE-LU,2024-04-29,24,354.8539693041874,37.94733192202055,316.9066373821668,4.216370213557839,3.794733192202055,2.0
DE-LU,2024-04-30,24,255.21791862129203,37.94733192202055,217.27058669927152,4.216370213557839,3.794733192202055,2.0
DE-LU,2024-05-01,24,385.0436230633763,28.460498941515414,356.58312412186086,3.1622776601683795,2.846049894151541,1.4999999999999998
DE-LU,2024-05-02,24,224.71213352951798,28.460498941515414,196.25163458800256,3.1622776601683795,2.846049894151541,1.4999999999999998
DE-LU,2024-05-03,24,110.06780256158868,37.46049894151541,72.60730362007325,4.16227766016838,3.7460498941515414,1.974341649025257
DE-LU,2024-05-04,24,219.0510023459937,28.460498941515414,190.5905034044783,3.1622776601683795,2.846049894151541,1.4999999999999998
DE-LU,2024-05-05,24,193.87022502850786,19.486832980505138,174.38339204800272,2.165203664500571,1.9486832980505138,1.02704627669473
DE-LU,2024-05-06,24,161.67641010084498,37.94733192202055,123.72907817882442,4.216370213557839,3.794733192202055,2.0
DE-LU,2024-05-07,24,174.7550123163337,37.94733192202055,136.80768039431314,4.216370213557839,3.794733192202055,2.0
DE-LU,2024-05-08,24,147.27899091169036,37.94733192202055,109.33165898966979,4.216370213557839,3.794733192202055,2.0
DE-LU,2024-05-09,24,239.8434126141618,28.460498941515414,211.38291367264637,3.1622776601683795,2.846049894151541,1.4999999999999998
DE-LU,2024-05-10,24,330.02077851776903,37.94733192202055,292.0734465957485,4.216370213557839,3.794733192202055,2.0
DE-LU,2024-05-11,24,282.2609497164158,27.973665961010273,254.2872837554055,3.1081851067789197,2.7973665961010274,1.4743416490252568
DE-LU,2024-05-12,24,439.93882963156074,28.460498941515414,411.4783306900453,3.1622776601683795,2.846049894151541,1.4999999999999998
DE-LU,2024-05-13,24,372.1190871047502,37.94733192202055,334.17175518272967,4.216370213557839,3.794733192202055,2.0
DE-LU,2024-05-14,24,345.35600135439023,46.46049894151541,298.89550241287486,5.16227766016838,4.646049894151541,2.4486832980505135
DE-LU,2024-05-15,24,303.27483965767516,37.94733192202055,265.3275077356546,4.216370213557839,3.794733192202055,2.0
DE-LU,2024-05-16,24,251.37628838470357,37.46049894151541,213.91578944318815,4.16227766016838,3.7460498941515414,1.974341649025257
DE-LU,2024-05-17,24,158.4754527580538,28.973665961010276,129.5017867970435,3.219296217890031,2.8973665961010275,1.52704627669473
DE-LU,2024-05-18,24,223.65732399658884,28.460498941515414,195.19682505507342,3.1622776601683795,2.846049894151541,1.4999999999999998
DE-LU,2024-05-19,24,245.14908359785426,27.973665961010273,217.17541763684397,3.1081851067789197,2.7973665961010274,1.4743416490252568
DE-LU,2024-05-20,24,271.11727404666294,37.46049894151541,233.65677510514752,4.16227766016838,3.7460498941515414,1.974341649025257
DE-LU,2024-05-21,24,228.4054623005145,37.94733192202055,190.45813037849393,4.216370213557839,3.794733192202055,2.0
DE-LU,2024-05-22,24,201.29029411912958,37.94733192202055,163.34296219710902,4.216370213557839,3.794733192202055,2.0
DE-LU,2024-05-23,24,240.29211669741056,37.94733192202055,202.34478477539,4.216370213557839,3.794733192202055,2.0
DE-LU,2024-05-24,24,94.99671066416867,37.46049894151541,57.53621172265326,4.16227766016838,3.7460498941515414,1.974341649025257
DE-LU,2024-05-25,24,234.35504459358532,27.973665961010273,206.38137863257504,3.1081851067789197,2.7973665961010274,1.4743416490252568
DE-LU,2024-05-26,24,271.8354080974002,27.973665961010273,243.86174213638992,3.1081851067789197,2.7973665961010274,1.4743416490252568
DE-LU,2024-05-27,24,274.35595835655477,37.94733192202055,236.4086264345342,4.216370213557839,3.794733192202055,2.0
DE-LU,2024-05-28,24,180.2339549439332,37.94733192202055,142.28662302191267,4.216370213557839,3.794733192202055,2.0
DE-LU,2024-05-29,24,175.45121890278034,46.94733192202055,128.50388698075977,5.216370213557839,4.694733192202055,2.474341649025257
DE-LU,2024-05-30,24,144.61591957538326,28.460498941515414,116.15542063386785,3.1622776601683795,2.846049894151541,1.4999999999999998
DE-LU,2024-05-31,24,123.11307159988021,45.97366596101027,77.13940563886993,5.10818510677892,4.597366596101027,2.4230249470757705
DE-LU,2024-06-01,24,166.90391835771885,27.973665961010273,138.93025239670857,3.1081851067789197,2.7973665961010274,1.4743416490252568
DE-LU,2024-06-02,24,173.77494915274505,18.973665961010276,154.80128319173477,2.1081851067789197,1.8973665961010275,1.0
DE-LU,2024-06-03,24,376.0918976302706,37.94733192202055,338.14456570825,4.216370213557839,3.794733192202055,2.0
DE-LU,2024-06-04,24,441.39680798259417,37.94733192202055,403.4494760605736,4.216370213557839,3.794733192202055,2.0
DE-LU,2024-06-05,24,322.4665942727827,37.46049894151541,285.00609533126726,4.16227766016838,3.746049894151541,1.9743416490252568
DE-LU,2024-06-06,24,306.06280670717973,37.94733192202055,268.11547478515917,4.216370213557839,3.794733192202055,2.0
DE-LU,2024-06-07,24,287.58321575570767,37.94733192202055,249.63588383368713,4.216370213557839,3.794733192202055,2.0
DE-LU,2024-06-08,24,254.77449126040688,27.973665961010273,226.8008252993966,3.1081851067789197,2.7973665961010274,1.4743416490252568
DE-LU,2024-06-09,24,253.31539115374412,18.973665961010276,234.34172519273383,2.1081851067789197,1.8973665961010275,1.0
DE-LU,2024-06-10,24,251.20858366275974,37.46049894151541,213.7480847212443,4.16227766016838,3.7460498941515414,1.974341649025257
DE-LU,2024-06-11,24,264.0290862034698,37.46049894151541,226.56858726195438,4.16227766016838,3.746049894151541,1.9743416490252568
DE-LU,2024-06-12,24,257.2282387156252,37.46049894151541,219.76773977410977,4.16227766016838,3.7460498941515414,1.974341649025257
DE-LU,2024-06-13,24,300.80236875552157,37.94733192202055,262.855036833501,4.216370213557839,3.794733192202055,2.0
DE-LU,2024-06-14,24,253.0411557584417,47.43416490252569,205.606990855916,5.2704627669473,4.743416490252569,2.5
DE-LU,2024-06-15,24,320.82612026008087,27.973665961010273,292.85245429907064,3.1081851067789197,2.7973665961010274,1.4743416490252568
DE-LU,2024-06-16,24,224.42394454269694,27.973665961010273,196.4502785816867,3.1081851067789197,2.7973665961010274,1.4743416490252568
DE-LU,2024-06-17,24,363.93791648606066,37.94733192202055,325.9905845640401,4.216370213557839,3.794733192202055,2.0
DE-LU,2024-06-18,24,267.37863779381314,37.94733192202055,229.43130587179255,4.216370213557839,3.794733192202055,2.0
DE-LU,2024-06-19,24,227.55493044700373,37.46049894151541,190.0944315054883,4.162277660168379,3.7460498941515414,1.974341649025257
DE-LU,2024-06-20,24,255.6790851906406,37.94733192202055,217.73175326862003,4.216370213557839,3.794733192202055,2.0
DE-LU,2024-06-21,24,104.01104245440263,37.46049894151541,66.5505435128872,4.16227766016838,3.7460498941515414,1.974341649025257
DE-LU,2024-06-22,24,214.54462195528487,27.973665961010273,186.57095599427458,3.1081851067789197,2.7973665961010274,1.4743416490252568
DE-LU,2024-06-23,24,199.73594592966015,18.973665961010276,180.76227996864986,2.1081851067789197,1.8973665961010275,1.0
DE-LU,2024-06-24,24,367.09988769645497,47.434164902525694,319.66572279392926,5.270462766947299,4.743416490252569,2.5
DE-LU,2024-06-25,24,292.3865475276795,37.94733192202055,254.43921560565894,4.216370213557839,3.794733192202055,2.0
DE-LU,2024-06-26,24,106.11814270705588,28.973665961010276,77.14447674604561,3.219296217890031,2.8973665961010275,1.52704627669473
DE-LU,2024-06-27,24,310.8542143504822,37.94733192202055,272.90688242846164,4.216370213557839,3.794733192202055,2.0
DE-LU,2024-06-28,24,285.9523412535052,28.973665961010276,256.9786752924949,3.219296217890031,2.8973665961010275,1.52704627669473
DE-LU,2024-06-29,24,258.9059591067986,28.460498941515414,230.44546016528318,3.1622776601683795,2.846049894151541,1.4999999999999998
DE-LU,2024-06-30,24,166.2025984509467,18.973665961010276,147.22893248993643,2.1081851067789197,1.8973665961010275,1.0
DE-LU,2024-07-01,24,301.2244042548703,37.46049894151541,263.7639053133549,4.16227766016838,3.7460498941515414,1.974341649025257
DE-LU,2024-07-02,24,98.49618383334007,37.46049894151541,61.035684891824644,4.16227766016838,3.7460498941515414,1.974341649025257
DE-LU,2024-07-03,24,191.53982659109755,37.94733192202055,153.592494669077,4.216370213557839,3.794733192202055,2.0
DE-LU,2024-07-04,24,274.4463422521838,46.94733192202055,227.4990103301633,5.216370213557839,4.694733192202055,2.474341649025257
DE-LU,2024-07-05,24,259.18774774001724,46.46049894151541,212.7272487985018,5.16227766016838,4.646049894151541,2.4486832980505135
DE-LU,2024-07-06,24,197.5431503413876,18.973665961010276,178.5694843803773,2.1081851067789197,1.8973665961010275,1.0
DE-LU,2024-07-07,24,187.46849982453364,27.973665961010276,159.49483386352335,3.1081851067789197,2.7973665961010274,1.4743416490252568
DE-LU,2024-07-08,24,400.0571856176388,37.94733192202055,362.10985369561826,4.216370213557839,3.794733192202055,2.0
DE-LU,2024-07-09,24,307.8745204251345,28.973665961010276,278.9008544641242,3.219296217890031,2.8973665961010275,1.52704627669473
DE-LU,2024-07-10,24,241.8032259511209,37.94733192202055,203.85589402910034,4.216370213557839,3.794733192202055,2.0
DE-LU,2024-07-11,24,266.94930763387777,37.94733192202055,229.00197571185717,4.216370213557839,3.794733192202055,2.0
DE-LU,2024-07-12,24,64.5188254089696,38.46049894151541,26.05832646745418,4.273388771279491,3.846049894151541,2.0270462766947297
DE-LU,2024-07-13,24,149.75592579845562,18.973665961010276,130.78225983744534,2.1081851067789197,1.8973665961010275,1.0
DE-LU,2024-07-14,24,359.71404849386533,27.973665961010273,331.74038253285505,3.1081851067789197,2.7973665961010274,1.4743416490252568
DE-LU,2024-07-15,24,513.3677708549227,37.94733192202055,475.42043893290213,4.216370213557839,3.794733192202055,2.0
DE-LU,2024-07-16,24,316.9335659708354,46.94733192202055,269.9862340488149,5.216370213557839,4.6947331922020545,2.4743416490252566
DE-LU,2024-07-17,24,311.8835813582296,37.94733192202055,273.93624943620904,4.216370213557839,3.794733192202055,2.0
DE-LU,2024-07-18,24,346.09258610105206,37.94733192202055,308.1452541790315,4.216370213557839,3.794733192202055,2.0
DE-LU,2024-07-19,24,255.65935186665195,37.46049894151541,218.19885292513652,4.16227766016838,3.7460498941515414,1.974341649025257
DE-LU,2024-07-20,24,253.1266424606235,28.460498941515414,224.66614351910806,3.1622776601683795,2.846049894151541,1.4999999999999998
DE-LU,2024-07-21,24,233.71125357883653,37.46049894151541,196.2507546373211,4.16227766016838,3.7460498941515414,1.974341649025257
DE-LU,2024-07-22,24,374.97567425021657,47.434164902525694,327.5415093476909,5.2704627669473,4.743416490252569,2.5
DE-LU,2024-07-23,24,183.86074572346325,28.973665961010276,154.88707976245297,3.219296217890031,2.8973665961010275,1.52704627669473
DE-LU,2024-07-24,24,265.2205016646602,28.973665961010276,236.24683570364985,3.219296217890031,2.8973665961010275,1.52704627669473
DE-LU,2024-07-25,24,281.6045434033142,37.94733192202055,243.65721148129364,4.216370213557839,3.794733192202055,2.0
DE-LU,2024-07-26,24,165.4344586080333,37.94733192202055,127.48712668601276,4.216370213557839,3.794733192202055,2.0
DE-LU,2024-07-27,24,188.42253204403522,27.973665961010273,160.44886608302494,3.1081851067789197,2.7973665961010274,1.4743416490252568
DE-LU,2024-07-28,24,322.6983494698231,27.973665961010273,294.7246835088128,3.1081851067789197,2.7973665961010274,1.4743416490252568
DE-LU,2024-07-29,24,371.64883579688296,37.94733192202055,333.7015038748624,4.216370213557839,3.794733192202055,2.0
DE-LU,2024-07-30,24,341.8500429267625,37.94733192202055,303.90271100474195,4.216370213557839,3.794733192202055,2.0
DE-LU,2024-07-31,24,223.24306556431543,28.973665961010276,194.26939960330515,3.219296217890031,2.8973665961010275,1.52704627669473
DE-LU,2024-08-01,24,149.07029684643942,28.973665961010276,120.09663088542915,3.219296217890031,2.8973665961010275,1.52704627669473
DE-LU,2024-08-02,24,180.785908948086,37.46049894151541,143.32541000657056,4.16227766016838,3.7460498941515414,1.974341649025257
DE-LU,2024-08-03,24,227.6869599868533,27.973665961010273,199.71329402584303,3.1081851067789197,2.7973665961010274,1.4743416490252568
DE-LU,2024-08-04,24,225.33139355254863,18.973665961010276,206.35772759153835,2.1081851067789197,1.8973665961010275,1.0
DE-LU,2024-08-05,24,375.38798129821004,46.46049894151541,328.92748235669467,5.16227766016838,4.646049894151541,2.4486832980505135
DE-LU,2024-08-06,24,418.92316248941034,37.94733192202055,380.9758305673898,4.216370213557839,3.794733192202055,2.0
DE-LU,2024-08-07,24,235.02607977358645,37.46049894151541,197.56558083207102,4.16227766016838,3.7460498941515414,1.974341649025257
DE-LU,2024-08-08,24,281.1827664832707,37.94733192202055,243.23543456125014,4.216370213557839,3.794733192202055,2.0
DE-LU,2024-08-09,24,259.24246409298314,37.97366596101027,221.26879813197286,4.219296217890031,3.7973665961010274,2.0013879257199867
DE-LU,2024-08-10,24,298.3915853720875,19.486832980505138,278.90475239158235,2.165203664500571,1.9486832980505138,1.02704627669473
DE-LU,2024-08-11,24,371.79677838697035,27.973665961010276,343.82311242596006,3.1081851067789197,2.7973665961010274,1.4743416490252568
DE-LU,2024-08-12,24,487.21961423765197,37.94733192202055,449.2722823156314,4.216370213557839,3.794733192202055,2.0
DE-LU,2024-08-13,24,344.8019396527892,37.94733192202055,306.85460773076863,4.216370213557839,3.794733192202055,2.0
DE-LU,2024-08-14,24,252.15338519226924,37.94733192202055,214.20605327024867,4.216370213557839,3.794733192202055,2.0
DE-LU,2024-08-15,24,314.6196279917841,37.94733192202055,276.67229606976355,4.216370213557839,3.794733192202055,2.0
DE-LU,2024-08-16,24,396.2800480822191,47.434164902525694,348.8458831796934,5.270462766947299,4.743416490252569,2.5
DE-LU,2024-08-17,24,184.9390888263596,28.460498941515414,156.47858988484418,3.1622776601683795,2.846049894151541,1.4999999999999998
DE-LU,2024-08-18,24,159.84742766295838,18.973665961010276,140.8737617019481,2.1081851067789197,1.8973665961010275,1.0
DE-LU,2024-08-19,24,303.7405973468066,37.94733192202055,265.7932654247861,4.216370213557839,3.794733192202055,2.0
DE-LU,2024-08-20,24,304.09094285662405,37.94733192202055,266.1436109346035,4.216370213557839,3.794733192202055,2.0
DE-LU,2024-08-21,24,334.74341522076514,47.434164902525694,287.3092503182395,5.270462766947299,4.743416490252569,2.5
DE-LU,2024-08-22,24,291.9479208335234,37.46049894151541,254.48742189200803,4.162277660168379,3.7460498941515414,1.974341649025257
DE-LU,2024-08-23,24,262.1023312568399,38.46049894151541,223.64183231532448,4.273388771279491,3.846049894151541,2.0270462766947297
DE-LU,2024-08-24,24,301.5248651289337,27.973665961010276,273.5511991679234,3.1081851067789197,2.7973665961010274,1.4743416490252568
DE-LU,2024-08-25,24,156.0448057572536,19.486832980505138,136.55797277674847,2.165203664500571,1.9486832980505138,1.02704627669473
DE-LU,2024-08-26,24,428.86141297200936,37.94733192202055,390.9140810499888,4.216370213557839,3.794733192202055,2.0
DE-LU,2024-08-27,24,485.25509580362717,37.94733192202055,447.3077638816066,4.216370213557839,3.794733192202055,2.0
DE-LU,2024-08-28,24,401.94658336562566,37.94733192202055,363.9992514436051,4.216370213557839,3.794733192202055,2.0
DE-LU,2024-08-29,24,427.1032490448006,37.94733192202055,389.15591712278,4.216370213557839,3.794733192202055,2.0
DE-LU,2024-08-30,24,186.07005780626028,37.94733192202055,148.12272588423974,4.216370213557839,3.794733192202055,2.0
DE-LU,2024-08-31,24,273.832823856659,28.460498941515414,245.3723249151436,3.1622776601683795,2.846049894151541,1.4999999999999998
DE-LU,2024-09-01,24,279.6547760804645,28.460498941515414,251.1942771389491,3.1622776601683795,2.846049894151541,1.4999999999999998
DE-LU,2024-09-02,24,318.80909546305384,37.94733192202055,280.86176354103327,4.216370213557839,3.794733192202055,2.0
DE-LU,2024-09-03,24,1000.1202160474215,37.94733192202055,962.172884125401,4.216370213557839,3.794733192202055,2.0
DE-LU,2024-09-04,24,411.44381111140467,37.94733192202055,373.4964791893841,4.216370213557839,3.794733192202055,2.0
DE-LU,2024-09-05,24,281.6168043824117,37.46049894151541,244.15630544089635,4.16227766016838,3.7460498941515414,1.974341649025257
DE-LU,2024-09-06,24,300.186721013582,37.94733192202055,262.2393890915614,4.216370213557839,3.794733192202055,2.0
DE-LU,2024-09-07,24,272.79970650624256,28.460498941515414,244.33920756472713,3.1622776601683795,2.846049894151541,1.4999999999999998
DE-LU,2024-09-08,24,225.34727852591232,27.973665961010276,197.373612564902,3.1081851067789197,2.7973665961010274,1.4743416490252568
DE-LU,2024-09-09,24,161.1732529401414,37.94733192202055,123.22592101812087,4.216370213557839,3.794733192202055,2.0
DE-LU,2024-09-10,24,269.3514094468513,37.46049894151541,231.89091050533588,4.16227766016838,3.7460498941515414,1.974341649025257
DE-LU,2024-09-11,24,189.84459340901446,37.94733192202055,151.89726148699393,4.216370213557839,3.794733192202055,2.0
DE-LU,2024-09-12,24,430.47296163936534,37.94733192202055,392.5256297173448,4.216370213557839,3.794733192202055,2.0
DE-LU,2024-09-13,24,124.24935126546902,37.46049894151541,86.78885232395359,4.162277660168379,3.746049894151541,1.9743416490252568
DE-LU,2024-09-14,24,232.61990553842801,37.94733192202055,194.67257361640745,4.216370213557839,3.794733192202055,2.0
DE-LU,2024-09-15,24,227.92853610555096,28.486832980505135,199.44170312504582,3.165203664500571,2.8486832980505135,1.5013879257199867
DE-LU,2024-09-16,24,140.53749596275367,37.94733192202055,102.59016404073311,4.216370213557839,3.794733192202055,2.0
DE-LU,2024-09-17,24,246.54433520483116,37.94733192202055,208.5970032828106,4.216370213557839,3.794733192202055,2.0
DE-LU,2024-09-18,24,323.69191041303714,37.94733192202055,285.74457849101657,4.216370213557839,3.794733192202055,2.0
DE-LU,2024-09-19,24,327.0421846990841,37.94733192202055,289.0948527770635,4.216370213557839,3.794733192202055,2.0
DE-LU,2024-09-20,24,313.01823492985744,37.94733192202055,275.0709030078369,4.216370213557839,3.794733192202055,2.0
DE-LU,2024-09-21,24,264.9254159882833,28.460498941515414,236.4649170467679,3.1622776601683795,2.846049894151541,1.4999999999999998
DE-LU,2024-09-22,24,270.4516433791782,28.460498941515414,241.9911444376628,3.1622776601683795,2.846049894151541,1.4999999999999998
DE-LU,2024-09-23,24,535.9714060756933,37.94733192202055,498.0240741536727,4.216370213557839,3.794733192202055,2.0
DE-LU,2024-09-24,24,196.9360463354326,37.94733192202055,158.98871441341203,4.216370213557839,3.794733192202055,2.0
DE-LU,2024-09-25,24,329.78947714743936,37.94733192202055,291.8421452254188,4.216370213557839,3.794733192202055,2.0
DE-LU,2024-09-26,24,217.02158308181467,47.434164902525694,169.58741817928902,5.2704627669473,4.743416490252569,2.5
DE-LU,2024-09-27,24,166.61262437235155,37.94733192202055,128.665292450331,4.216370213557839,3.794733192202055,2.0
DE-LU,2024-09-28,24,151.34962465319904,37.46049894151541,113.88912571168365,4.16227766016838,3.7460498941515414,1.974341649025257
DE-LU,2024-09-29,24,414.3836818987522,47.434164902525694,366.94951699622646,5.270462766947299,4.743416490252569,2.5
DE-LU,2024-09-30,24,286.43843728039,46.46049894151541,239.97793833887465,5.16227766016838,4.646049894151542,2.448683298050514
DE-LU,2024-10-01,24,264.6711090325885,37.94733192202055,226.723777110568,4.216370213557839,3.794733192202055,2.0
DE-LU,2024-10-02,24,138.9993561390903,37.94733192202055,101.05202421706974,4.216370213557839,3.794733192202055,2.0
DE-LU,2024-10-03,24,121.79568239973361,27.973665961010273,93.82201643872332,3.1081851067789197,2.7973665961010274,1.4743416490252568
DE-LU,2024-10-04,24,194.3517247791118,37.94733192202055,156.40439285709132,4.216370213557839,3.794733192202055,2.0
DE-LU,2024-10-05,24,241.09220692701987,37.94733192202055,203.14487500499936,4.216370213557839,3.794733192202055,2.0
DE-LU,2024-10-06,24,211.89400210265836,28.460498941515414,183.43350316114294,3.1622776601683795,2.846049894151541,1.4999999999999998
DE-LU,2024-10-07,24,423.11438682651914,37.94733192202055,385.16705490449857,4.216370213557839,3.794733192202055,2.0
DE-LU,2024-10-08,24,214.3642877094842,37.94733192202055,176.41695578746362,4.216370213557839,3.794733192202055,2.0
DE-LU,2024-10-09,24,176.8189989718722,37.94733192202055,138.87166704985162,4.216370213557839,3.794733192202055,2.0
DE-LU,2024-10-10,24,246.37815049143632,46.94733192202055,199.43081856941575,5.216370213557839,4.6947331922020545,2.4743416490252566
DE-LU,2024-10-11,24,318.1356625543158,37.94733192202055,280.1883306322952,4.216370213557839,3.794733192202055,2.0
DE-LU,2024-10-12,24,168.37235737699265,28.460498941515414,139.91185843547726,3.1622776601683795,2.846049894151541,1.4999999999999998
DE-LU,2024-10-13,24,82.80114689026601,18.51316701949486,64.28797987077115,2.0570185577216513,1.851316701949486,0.9757295747452437
DE-LU,2024-10-14,24,470.6799407416306,37.94733192202055,432.73260881961005,4.216370213557839,3.794733192202055,2.0
DE-LU,2024-10-15,24,303.47524469536216,37.94733192202055,265.5279127733416,4.216370213557839,3.794733192202055,2.0
DE-LU,2024-10-16,24,271.048466876014,47.434164902525694,223.61430197348827,5.2704627669473,4.743416490252569,2.5
DE-LU,2024-10-17,24,332.2846877264647,37.94733192202055,294.3373558044442,4.216370213557839,3.794733192202055,2.0
DE-LU,2024-10-18,24,255.70559785173944,37.94733192202055,217.75826592971887,4.216370213557839,3.794733192202055,2.0
DE-LU,2024-10-19,24,119.86518578298617,28.460498941515414,91.40468684147075,3.1622776601683795,2.846049894151541,1.4999999999999998
DE-LU,2024-10-20,24,185.06153558646767,28.973665961010276,156.08786962545742,3.219296217890031,2.8973665961010275,1.52704627669473
DE-LU,2024-10-21,24,346.8491247028059,37.94733192202055,308.90179278078534,4.216370213557839,3.794733192202055,2.0
DE-LU,2024-10-22,24,259.90229715662923,37.94733192202055,221.95496523460866,4.216370213557839,3.794733192202055,2.0
DE-LU,2024-10-23,24,362.59786644186045,37.94733192202055,324.6505345198399,4.216370213557839,3.794733192202055,2.0
DE-LU,2024-10-24,24,219.5805253342923,37.94733192202055,181.63319341227174,4.216370213557839,3.794733192202055,2.0
DE-LU,2024-10-25,24,288.9615425597838,37.94733192202055,251.01421063776328,4.216370213557839,3.794733192202055,2.0
DE-LU,2024-10-26,24,166.65244721223007,28.460498941515414,138.19194827071465,3.1622776601683795,2.846049894151541,1.4999999999999998
DE-LU,2024-10-27,25,172.90608652084165,28.460498941515414,144.44558757932623,3.1622776601683795,2.846049894151541,1.4999999999999998
DE-LU,2024-10-28,24,123.95004536011565,37.94733192202055,86.00271343809509,4.216370213557839,3.794733192202055,2.0
DE-LU,2024-10-29,24,366.18772144546614,37.94733192202055,328.2403895234456,4.216370213557839,3.794733192202055,2.0
DE-LU,2024-10-30,24,187.99173392615933,37.94733192202055,150.04440200413876,4.216370213557839,3.794733192202055,2.0
DE-LU,2024-10-31,24,138.51935066626186,37.94733192202055,100.57201874424129,4.216370213557839,3.794733192202055,2.0
DE-LU,2024-11-01,24,135.78337846228843,27.973665961010273,107.80971250127814,3.1081851067789197,2.7973665961010274,1.4743416490252568
DE-LU,2024-11-02,24,106.03230525135967,27.973665961010276,78.05863929034939,3.1081851067789197,2.7973665961010274,1.4743416490252568
DE-LU,2024-11-03,24,117.06169150926888,28.460498941515414,88.60119256775349,3.1622776601683795,2.846049894151541,1.4999999999999998
DE-LU,2024-11-04,24,375.2166596871027,37.94733192202055,337.2693277650822,4.216370213557839,3.794733192202055,2.0
DE-LU,2024-11-05,24,786.5617207781494,37.94733192202055,748.6143888561288,4.216370213557839,3.794733192202055,2.0
DE-LU,2024-11-06,24,1579.516732431118,37.94733192202055,1541.5694005090975,4.216370213557839,3.794733192202055,2.0
DE-LU,2024-11-07,24,573.0373245064608,37.94733192202055,535.0899925844402,4.216370213557839,3.794733192202055,2.0
DE-LU,2024-11-08,24,51.122934459927194,28.486832980505135,22.636101479422052,3.165203664500571,2.8486832980505135,1.5013879257199867
DE-LU,2024-11-09,24,61.37378359326209,18.973665961010276,42.400117632251806,2.1081851067789197,1.8973665961010275,1.0
DE-LU,2024-11-10,24,59.939039080281134,18.973665961010276,40.96537311927085,2.1081851067789197,1.8973665961010275,1.0
DE-LU,2024-11-11,24,70.94559008967948,18.973665961010276,51.9719241286692,2.1081851067789197,1.8973665961010275,1.0
DE-LU,2024-11-12,24,399.6574708878427,37.94733192202055,361.7101389658221,4.216370213557839,3.794733192202055,2.0
DE-LU,2024-11-13,24,203.69737147268583,18.973665961010276,184.72370551167555,2.1081851067789197,1.8973665961010275,1.0
DE-LU,2024-11-14,24,78.65828778253285,18.973665961010276,59.68462182152257,2.1081851067789197,1.8973665961010275,1.0
DE-LU,2024-11-15,24,79.92610691166796,18.973665961010276,60.952440950657675,2.1081851067789197,1.8973665961010275,1.0
DE-LU,2024-11-16,24,73.97047813706709,18.973665961010276,54.996812176056835,2.1081851067789197,1.8973665961010275,1.0
DE-LU,2024-11-17,24,123.69947519482974,37.46049894151541,86.23897625331432,4.162277660168379,3.7460498941515414,1.974341649025257
DE-LU,2024-11-18,24,193.16422304540782,37.94733192202055,155.21689112338726,4.216370213557839,3.794733192202055,2.0
DE-LU,2024-11-19,24,105.37532457555814,18.973665961010276,86.40165861454786,2.1081851067789197,1.8973665961010275,1.0
DE-LU,2024-11-20,24,136.68040256583384,37.94733192202055,98.73307064381328,4.216370213557839,3.794733192202055,2.0
DE-LU,2024-11-21,24,136.45804273623799,18.973665961010276,117.48437677522769,2.1081851067789197,1.8973665961010275,1.0
DE-LU,2024-11-22,24,156.33203265237358,47.434164902525694,108.89786774984788,5.270462766947299,4.743416490252569,2.5
DE-LU,2024-11-23,24,109.9184762046419,28.973665961010276,80.94481024363165,3.219296217890031,2.8973665961010275,1.52704627669473
DE-LU,2024-11-24,24,29.971869698506097,18.973665961010276,10.998203737495821,2.1081851067789197,1.8973665961010275,1.0
DE-LU,2024-11-25,24,213.04412262038534,37.94733192202055,175.09679069836483,4.216370213557839,3.794733192202055,2.0
DE-LU,2024-11-26,24,159.6123135366147,37.94733192202055,121.6649816145941,4.216370213557839,3.794733192202055,2.0
DE-LU,2024-11-27,24,169.51607444981892,18.973665961010276,150.54240848880863,2.1081851067789197,1.8973665961010275,1.0
DE-LU,2024-11-28,24,156.4857523125531,28.460498941515414,128.02525337103768,3.1622776601683795,2.846049894151541,1.4999999999999998
DE-LU,2024-11-29,24,133.70175923623572,28.973665961010276,104.72809327522542,3.219296217890031,2.8973665961010275,1.52704627669473
DE-LU,2024-11-30,24,67.31986175996515,28.486832980505135,38.83302877946001,3.165203664500571,2.8486832980505135,1.5013879257199867
DE-LU,2024-12-01,24,54.737138718535476,18.973665961010276,35.76347275752519,2.1081851067789197,1.8973665961010275,1.0
DE-LU,2024-12-02,24,139.17282865229237,27.486832980505135,111.68599567178723,3.05409255338946,2.748683298050514,1.4486832980505138
DE-LU,2024-12-03,24,157.19817716209718,18.973665961010276,138.2245112010869,2.1081851067789197,1.8973665961010275,1.0
DE-LU,2024-12-04,24,380.06293164936955,37.94733192202055,342.115599727349,4.216370213557839,3.794733192202055,2.0
DE-LU,2024-12-05,24,114.32074368968841,18.973665961010276,95.34707772867813,2.1081851067789197,1.8973665961010275,1.0
DE-LU,2024-12-06,24,168.31298011608214,18.973665961010276,149.33931415507186,2.1081851067789197,1.8973665961010275,1.0
DE-LU,2024-12-07,24,97.16043943289577,27.973665961010276,69.18677347188546,3.1081851067789197,2.7973665961010274,1.4743416490252568
DE-LU,2024-12-08,24,59.272134876005495,18.973665961010276,40.29846891499521,2.1081851067789197,1.8973665961010275,1.0
DE-LU,2024-12-09,24,141.04360028706833,28.460498941515414,112.58310134555292,3.1622776601683795,2.846049894151541,1.4999999999999998
DE-LU,2024-12-10,24,164.80431252477337,18.973665961010276,145.83064656376308,2.1081851067789197,1.8973665961010275,1.0
DE-LU,2024-12-11,24,581.961356522115,18.973665961010276,562.9876905611047,2.1081851067789197,1.8973665961010275,1.0
DE-LU,2024-12-12,24,1780.389193099358,37.94733192202055,1742.4418611773374,4.216370213557839,3.794733192202055,2.0
DE-LU,2024-12-13,24,396.0840737785509,37.94733192202055,358.1367418565303,4.216370213557839,3.794733192202055,2.0
DE-LU,2024-12-14,24,85.7154138379671,38.46049894151541,47.25491489645174,4.273388771279491,3.8460498941515415,2.02704627669473
DE-LU,2024-12-15,24,86.13886413239105,19.486832980505138,66.65203115188591,2.165203664500571,1.9486832980505138,1.02704627669473
DE-LU,2024-12-16,24,139.55043690329248,18.973665961010276,120.57677094228218,2.1081851067789197,1.8973665961010275,1.0
DE-LU,2024-12-17,24,150.16127293857153,27.486832980505135,122.67443995806639,3.05409255338946,2.748683298050514,1.4486832980505138
DE-LU,2024-12-18,24,121.62626352893865,37.46049894151541,84.16576458742325,4.16227766016838,3.746049894151541,1.9743416490252568
DE-LU,2024-12-19,24,122.48568273734335,27.973665961010273,94.51201677633307,3.1081851067789197,2.7973665961010274,1.4743416490252568
DE-LU,2024-12-20,24,167.80666011503553,37.46049894151541,130.34616117352016,4.16227766016838,3.7460498941515414,1.974341649025257
DE-LU,2024-12-21,24,38.662101737949165,18.486832980505135,20.17526875744403,2.05409255338946,1.8486832980505137,0.9743416490252569
DE-LU,2024-12-22,24,95.67902119980805,18.973665961010276,76.70535523879778,2.1081851067789197,1.8973665961010275,1.0
DE-LU,2024-12-23,24,109.9768509379783,18.973665961010276,91.00318497696802,2.1081851067789197,1.8973665961010275,1.0
DE-LU,2024-12-24,24,51.44224883403831,18.973665961010276,32.468582873028026,2.1081851067789197,1.8973665961010275,1.0
DE-LU,2024-12-25,24,33.98357867462617,9.486832980505138,24.49674569412103,1.0540925533894598,0.9486832980505138,0.5
DE-LU,2024-12-26,24,36.41033896937323,9.486832980505138,26.923505988868087,1.0540925533894598,0.9486832980505138,0.5
DE-LU,2024-12-27,24,90.0755320237974,37.94733192202055,52.12820010177683,4.216370213557839,3.794733192202055,2.0
DE-LU,2024-12-28,24,54.24073270553134,18.973665961010276,35.26706674452106,2.1081851067789197,1.8973665961010275,1.0
DE-LU,2024-12-29,24,73.73933310316062,28.460498941515414,45.27883416164519,3.1622776601683795,2.846049894151541,1.4999999999999998
DE-LU,2024-12-30,24,92.14014357290671,18.973665961010276,73.16647761189643,2.1081851067789197,1.8973665961010275,1.0
DE-LU,2024-12-31,24,108.92300455624942,18.973665961010276,89.94933859523917,2.1081851067789197,1.8973665961010275,1.0
FR,2024-01-01,24,71.38611789483716,18.486832980505135,52.89928491433202,2.05409255338946,1.8486832980505137,0.9743416490252569
FR,2024-01-02,24,109.27657224671859,28.460498941515414,80.81607330520316,3.1622776601683795,2.846049894151541,1.4999999999999998
FR,2024-01-03,24,96.3061827464744,18.486832980505135,77.81934976596929,2.05409255338946,1.8486832980505137,0.9743416490252569
FR,2024-01-04,24,99.67168163122761,28.460498941515414,71.21118268971222,3.1622776601683795,2.846049894151541,1.4999999999999998
FR,2024-01-05,24,57.56459839220872,26.999999999999996,30.564598392208723,3.0,2.6999999999999997,1.4230249470757705
FR,2024-01-06,24,35.419752854010255,18.486832980505135,16.932919873505114,2.05409255338946,1.8486832980505137,0.9743416490252569
FR,2024-01-07,24,33.11216426481843,18.486832980505135,14.62533128431329,2.05409255338946,1.8486832980505137,0.9743416490252569
FR,2024-01-08,24,92.42607973409861,36.973665961010276,55.452413773088324,4.108185106778919,3.6973665961010274,1.9486832980505138
FR,2024-01-09,24,108.62828632054527,36.973665961010276,71.65462035953499,4.108185106778919,3.6973665961010274,1.9486832980505138
FR,2024-01-10,24,125.40198954298921,37.94733192202055,87.45465762096865,4.216370213557839,3.794733192202055,2.0
FR,2024-01-11,24,118.78358637893604,37.94733192202055,80.83625445691547,4.216370213557839,3.794733192202055,2.0
FR,2024-01-12,24,86.3647151332724,28.973665961010276,57.391049172262115,3.219296217890031,2.8973665961010275,1.52704627669473
FR,2024-01-13,24,39.531045221253805,19.486832980505138,20.044212240748664,2.165203664500571,1.9486832980505138,1.02704627669473
FR,2024-01-14,24,31.97300672899297,18.486832980505135,13.486173748487829,2.05409255338946,1.8486832980505137,0.9743416490252569
FR,2024-01-15,24,53.274762619515016,18.486832980505135,34.787929639009874,2.05409255338946,1.8486832980505137,0.9743416490252569
FR,2024-01-16,24,140.01788349508956,37.94733192202055,102.070551573069,4.216370213557839,3.794733192202055,2.0
FR,2024-01-17,24,107.54804198599413,37.94733192202055,69.60071006397357,4.216370213557839,3.794733192202055,2.0
FR,2024-01-18,24,55.16511163628178,20.0,35.16511163628178,2.2222222222222223,2.0,1.0540925533894598
FR,2024-01-19,24,78.28259749290399,36.486832980505135,41.79576451239885,4.054092553389459,3.6486832980505133,1.9230249470757705
FR,2024-01-20,24,54.40644989089421,27.973665961010276,26.432783929883982,3.1081851067789197,2.7973665961010274,1.4743416490252568
FR,2024-01-21,24,54.4708517805208,28.460498941515414,26.010352839005378,3.1622776601683795,2.846049894151541,1.4999999999999998
FR,2024-01-22,24,155.3302320039066,47.434164902525694,107.89606710138088,5.270462766947299,4.743416490252569,2.5
FR,2024-01-23,24,139.58513253396316,36.973665961010276,102.61146657295288,4.10818510677892,3.6973665961010274,1.9486832980505138
FR,2024-01-24,24,107.63631795910177,27.486832980505138,80.14948497859663,3.05409255338946,2.748683298050514,1.4486832980505138
FR,2024-01-25,24,92.25808580712214,37.94733192202055,54.310753885101576,4.216370213557839,3.794733192202055,2.0
FR,2024-01-26,24,91.12469780637778,37.94733192202055,53.177365884357215,4.216370213557839,3.794733192202055,2.0
FR,2024-01-27,24,72.92710734256423,37.46049894151541,35.4666084010488,4.16227766016838,3.7460498941515414,1.974341649025257
FR,2024-01-28,24,50.985802200670705,19.486832980505138,31.498969220165563,2.165203664500571,1.9486832980505138,1.02704627669473
FR,2024-01-29,24,93.05478258344988,28.973665961010276,64.0811166224396,3.219296217890031,2.8973665961010275,1.52704627669473
FR,2024-01-30,24,75.61562004117528,37.94733192202055,37.66828811915471,4.2163702135578385,3.794733192202055,2.0
FR,2024-01-31,24,101.32629349666753,28.973665961010276,72.35262753565726,3.219296217890031,2.8973665961010275,1.52704627669473
FR,2024-02-01,24,97.85627158813267,36.486832980505135,61.36943860762753,4.054092553389459,3.6486832980505133,1.9230249470757705
FR,2024-02-02,24,84.81810844867991,37.94733192202055,46.8707765266594,4.216370213557839,3.794733192202055,2.0
FR,2024-02-03,24,123.52690681087898,38.46049894151541,85.06640786936356,4.273388771279491,3.846049894151541,2.0270462766947297
FR,2024-02-04,24,138.8783987567578,38.46049894151541,100.41789981524241,4.273388771279491,3.846049894151541,2.0270462766947297
FR,2024-02-05,24,193.59311999551983,46.46049894151541,147.1326210540044,5.16227766016838,4.646049894151542,2.448683298050514
FR,2024-02-06,24,156.5096187677365,47.434164902525694,109.07545386521079,5.2704627669473,4.743416490252569,2.5
FR,2024-02-07,24,97.10367472481937,28.486832980505135,68.61684174431423,3.165203664500571,2.8486832980505135,1.5013879257199867
FR,2024-02-08,24,99.07926314367117,38.46049894151541,60.61876420215573,4.273388771279491,3.8460498941515415,2.02704627669473
FR,2024-02-09,24,126.47186355243383,37.94733192202055,88.52453163041329,4.216370213557839,3.794733192202055,2.0
FR,2024-02-10,24,29.819594587191,18.486832980505135,11.332761606685871,2.05409255338946,1.8486832980505137,0.9743416490252569
FR,2024-02-11,24,94.69468873435466,45.97366596101027,48.72102277334437,5.10818510677892,4.597366596101027,2.4230249470757705
FR,2024-02-12,24,102.03221123598257,37.94733192202055,64.084879313962,4.2163702135578385,3.794733192202055,2.0
FR,2024-02-13,24,80.68441437328337,37.94733192202055,42.737082451262836,4.216370213557839,3.794733192202055,2.0
FR,2024-02-14,24,78.81953367235809,36.486832980505135,42.33270069185295,4.054092553389459,3.6486832980505133,1.9230249470757705
FR,2024-02-15,24,85.32041606034413,37.94733192202055,47.37308413832356,4.216370213557839,3.794733192202055,2.0
FR,2024-02-16,24,38.81236862077148,18.486832980505138,20.325535640266338,2.05409255338946,1.8486832980505137,0.9743416490252569
FR,2024-02-17,24,26.567692407585838,9.486832980505138,17.080859427080696,1.0540925533894598,0.9486832980505138,0.5
FR,2024-02-18,24,54.4825728084136,18.973665961010276,35.50890684740332,2.1081851067789197,1.8973665961010275,1.0
FR,2024-02-19,24,93.29588788006454,37.46049894151541,55.83538893854916,4.16227766016838,3.746049894151541,1.9743416490252568
FR,2024-02-20,24,66.75385166798424,37.46049894151541,29.29335272646881,4.162277660168379,3.7460498941515414,1.974341649025257
FR,2024-02-21,24,52.22867711347823,18.973665961010276,33.25501115246795,2.1081851067789197,1.8973665961010275,1.0
FR,2024-02-22,24,133.00668656062328,36.973665961010276,96.033020599613,4.10818510677892,3.6973665961010274,1.9486832980505138
FR,2024-02-23,24,126.4956880418609,37.46049894151541,89.03518910034549,4.16227766016838,3.746049894151541,1.9743416490252568
FR,2024-02-24,24,59.87423871469079,19.486832980505138,40.38740573418566,2.165203664500571,1.9486832980505138,1.02704627669473
FR,2024-02-25,24,24.225283739279313,10.0,14.225283739279313,1.1111111111111112,1.0,0.5270462766947299
FR,2024-02-26,24,56.21131649409719,28.486832980505135,27.724483513592077,3.165203664500571,2.8486832980505135,1.5013879257199867
FR,2024-02-27,24,103.73548527869417,37.94733192202055,65.78815335667366,4.216370213557839,3.794733192202055,2.0
FR,2024-02-28,24,96.8255614501225,37.46049894151541,59.36506250860708,4.16227766016838,3.7460498941515414,1.974341649025257
FR,2024-02-29,24,66.52372072878308,37.46049894151541,29.06322178726765,4.162277660168379,3.746049894151541,1.9743416490252568
FR,2024-03-01,24,51.02165871392185,28.973665961010276,22.04799275291158,3.219296217890031,2.8973665961010275,1.52704627669473
FR,2024-03-02,24,31.629017466797684,10.0,21.629017466797684,1.1111111111111112,1.0,0.5270462766947299
FR,2024-03-03,24,47.38488667967443,18.0,29.38488667967443,2.0,1.7999999999999998,0.9486832980505138
FR,2024-03-04,24,116.31316964534821,37.94733192202055,78.36583772332764,4.216370213557839,3.794733192202055,2.0
FR,2024-03-05,24,77.99734894070106,18.486832980505135,59.51051596019592,2.05409255338946,1.8486832980505137,0.9743416490252569
FR,2024-03-06,24,130.0120556690532,37.94733192202055,92.06472374703264,4.216370213557839,3.794733192202055,2.0
FR,2024-03-07,24,79.06037303004256,28.973665961010276,50.086707069032286,3.219296217890031,2.8973665961010275,1.52704627669473
FR,2024-03-08,24,126.46780005024758,37.46049894151541,89.00730110873218,4.162277660168379,3.7460498941515414,1.974341649025257
FR,2024-03-09,24,118.96089125418602,27.973665961010273,90.98722529317577,3.1081851067789197,2.7973665961010274,1.4743416490252568
FR,2024-03-10,24,63.451305696459855,19.486832980505138,43.96447271595473,2.165203664500571,1.9486832980505138,1.02704627669473
FR,2024-03-11,24,78.24654174268562,28.973665961010276,49.27287578167534,3.219296217890031,2.8973665961010275,1.52704627669473
FR,2024-03-12,24,87.0317672782088,28.973665961010276,58.05810131719852,3.219296217890031,2.8973665961010275,1.52704627669473
FR,2024-03-13,24,137.4099626280053,37.46049894151541,99.94946368648989,4.162277660168379,3.7460498941515414,1.974341649025257
FR,2024-03-14,24,124.99819417978989,37.46049894151541,87.53769523827447,4.16227766016838,3.7460498941515414,1.974341649025257
FR,2024-03-15,24,143.0121297782989,28.973665961010276,114.03846381728866,3.219296217890031,2.8973665961010275,1.52704627669473
FR,2024-03-16,24,97.93259256553752,20.0,77.93259256553752,2.2222222222222223,2.0,1.0540925533894598
FR,2024-03-17,24,80.35804818981646,18.973665961010276,61.38438222880618,2.1081851067789197,1.8973665961010275,1.0
FR,2024-03-18,24,210.86243056867136,46.46049894151541,164.401931627156,5.162277660168379,4.646049894151542,2.448683298050514
FR,2024-03-19,24,199.1874390222373,37.94733192202055,161.2401071002168,4.216370213557839,3.794733192202055,2.0
FR,2024-03-20,24,227.78561871196212,46.46049894151541,181.3251197704467,5.16227766016838,4.646049894151542,2.448683298050514
FR,2024-03-21,24,204.7279284415833,47.434164902525694,157.2937635390576,5.270462766947299,4.743416490252569,2.5
FR,2024-03-22,24,150.28085217489274,46.46049894151541,103.82035323337735,5.16227766016838,4.646049894151541,2.4486832980505135
FR,2024-03-23,24,69.16406815073438,27.973665961010276,41.190402189724104,3.1081851067789197,2.7973665961010274,1.4743416490252568
FR,2024-03-24,24,82.15197882141763,18.486832980505135,63.6651458409125,2.05409255338946,1.8486832980505137,0.9743416490252569
FR,2024-03-25,24,262.2351536962591,47.434164902525694,214.80098879373335,5.270462766947299,4.743416490252569,2.5
FR,2024-03-26,24,206.79463067044827,37.94733192202055,168.8472987484277,4.216370213557839,3.794733192202055,2.0
FR,2024-03-27,24,190.76895053872042,37.46049894151541,153.308451597205,4.162277660168379,3.7460498941515414,1.974341649025257
FR,2024-03-28,24,113.26523419590012,37.46049894151541,75.80473525438471,4.162277660168379,3.7460498941515414,1.974341649025257
FR,2024-03-29,24,139.64809495416966,37.46049894151541,102.18759601265425,4.16227766016838,3.7460498941515414,1.974341649025257
FR,2024-03-30,24,138.1885223069383,28.486832980505138,109.70168932643315,3.165203664500571,2.8486832980505135,1.5013879257199867
FR,2024-03-31,23,107.28819537919215,36.97366596101027,70.31452941818188,4.10818510677892,3.697366596101028,1.948683298050514
FR,2024-04-01,24,103.55743422265257,28.460498941515414,75.09693528113718,3.1622776601683795,2.846049894151541,1.4999999999999998
FR,2024-04-02,24,156.28062901991186,28.973665961010276,127.30696305890159,3.219296217890031,2.8973665961010275,1.52704627669473
FR,2024-04-03,24,95.61673952879879,28.460498941515414,67.15624058728338,3.1622776601683795,2.846049894151541,1.4999999999999998
FR,2024-04-04,24,77.25285097450264,36.97366596101027,40.27918501349236,4.10818510677892,3.6973665961010274,1.9486832980505138
FR,2024-04-05,24,27.041066163576104,18.973665961010276,8.067400202565828,2.1081851067789197,1.8973665961010275,1.0
FR,2024-04-06,24,45.625349371597366,18.973665961010276,26.651683410587083,2.1081851067789197,1.8973665961010275,1.0
FR,2024-04-07,24,65.07970892034572,18.486832980505135,46.59287593984058,2.05409255338946,1.8486832980505137,0.9743416490252569
FR,2024-04-08,24,69.18733668310526,37.94733192202055,31.240004761084712,4.216370213557839,3.794733192202055,2.0
FR,2024-04-09,24,16.96195625389639,9.486832980505138,7.475123273391253,1.0540925533894598,0.9486832980505138,0.5
FR,2024-04-10,24,237.61585307617315,55.94733192202055,181.66852115415261,6.216370213557839,5.594733192202055,2.9486832980505135
FR,2024-04-11,24,168.58203122789814,37.46049894151541,131.12153228638272,4.16227766016838,3.7460498941515414,1.974341649025257
FR,2024-04-12,24,170.0625856681802,28.460498941515414,141.60208672666477,3.1622776601683795,2.846049894151541,1.4999999999999998
FR,2024-04-13,24,166.35165367396536,19.486832980505138,146.86482069346022,2.165203664500571,1.9486832980505138,1.02704627669473
FR,2024-04-14,24,117.39400095908391,28.973665961010276,88.42033499807364,3.219296217890031,2.8973665961010275,1.52704627669473
FR,2024-04-15,24,51.72660812628872,28.973665961010276,22.75294216527844,3.219296217890031,2.8973665961010275,1.52704627669473
FR,2024-04-16,24,24.44281129501429,9.486832980505138,14.955978314509151,1.0540925533894598,0.9486832980505138,0.5
FR,2024-04-17,24,387.9604527640343,37.94733192202055,350.01312084201373,4.216370213557839,3.794733192202055,2.0
FR,2024-04-18,24,379.0517416882194,47.434164902525694,331.6175767856937,5.270462766947299,4.743416490252569,2.5
FR,2024-04-19,24,113.10192636015064,37.94733192202055,75.15459443813009,4.216370213557839,3.794733192202055,2.0
FR,2024-04-20,24,60.836299759281175,18.973665961010276,41.862633798270906,2.1081851067789197,1.8973665961010275,1.0
FR,2024-04-21,24,95.23771416503065,28.486832980505135,66.75088118452551,3.165203664500571,2.8486832980505135,1.5013879257199867
FR,2024-04-22,24,395.1313165943521,55.94733192202055,339.1839846723316,6.216370213557839,5.594733192202055,2.9486832980505135
FR,2024-04-23,24,148.5017259967763,36.97366596101027,111.52806003576598,4.10818510677892,3.6973665961010274,1.9486832980505138
FR,2024-04-24,24,206.2991906008331,45.97366596101027,160.32552463982282,5.10818510677892,4.597366596101027,2.4230249470757705
FR,2024-04-25,24,110.43813146535965,28.973665961010276,81.46446550434936,3.219296217890031,2.8973665961010275,1.52704627669473
FR,2024-04-26,24,73.3004235487387,28.973665961010276,44.32675758772842,3.219296217890031,2.8973665961010275,1.52704627669473
FR,2024-04-27,24,145.44263642412426,18.973665961010276,126.46897046311399,2.1081851067789197,1.8973665961010275,1.0
FR,2024-04-28,24,273.3476452528121,27.973665961010276,245.37397929180182,3.1081851067789197,2.7973665961010274,1.4743416490252568
FR,2024-04-29,24,155.66975821221962,28.973665961010276,126.69609225120935,3.219296217890031,2.8973665961010275,1.52704627669473
FR,2024-04-30,24,184.1538677366318,38.46049894151541,145.69336879511633,4.273388771279491,3.846049894151541,2.0270462766947297
FR,2024-05-01,24,99.75776659383158,27.973665961010276,71.7841006328213,3.1081851067789197,2.7973665961010274,1.4743416490252568
FR,2024-05-02,24,114.75774614525517,28.973665961010276,85.7840801842449,3.219296217890031,2.8973665961010275,1.52704627669473
FR,2024-05-03,24,136.5751447084181,38.973665961010276,97.60147874740782,4.330407329001142,3.8973665961010275,2.05409255338946
FR,2024-05-04,24,133.34014981522904,37.94733192202055,95.39281789320847,4.216370213557839,3.794733192202055,2.0
FR,2024-05-05,24,100.01250855795924,18.973665961010276,81.03884259694897,2.1081851067789197,1.8973665961010275,1.0
FR,2024-05-06,24,142.54189970775195,37.94733192202055,104.59456778573137,4.216370213557839,3.794733192202055,2.0
FR,2024-05-07,24,129.36045747049283,28.973665961010276,100.38679150948255,3.219296217890031,2.8973665961010275,1.52704627669473
FR,2024-05-08,24,85.84458823430779,27.973665961010276,57.87092227329752,3.1081851067789197,2.7973665961010274,1.4743416490252568
FR,2024-05-09,24,78.90913482023115,27.973665961010276,50.93546885922086,3.1081851067789197,2.7973665961010274,1.4743416490252568
FR,2024-05-10,24,91.05551523019,28.460498941515414,62.59501628867458,3.1622776601683795,2.846049894151541,1.4999999999999998
FR,2024-05-11,24,103.94248419791589,19.486832980505138,84.45565121741076,2.165203664500571,1.9486832980505138,1.02704627669473
FR,2024-05-12,24,268.34794491984803,28.486832980505138,239.8611119393429,3.165203664500571,2.8486832980505135,1.5013879257199867
FR,2024-05-13,24,104.96480119387553,28.460498941515414,76.5043022523601,3.1622776601683795,2.846049894151541,1.4999999999999998
FR,2024-05-14,24,165.7081245690436,46.94733192202055,118.76079264702304,5.216370213557839,4.694733192202055,2.474341649025257
FR,2024-05-15,24,93.28918336493166,28.973665961010276,64.31551740392138,3.219296217890031,2.8973665961010275,1.52704627669473
FR,2024-05-16,24,207.988897440734,37.94733192202055,170.04156551871347,4.216370213557839,3.794733192202055,2.0
FR,2024-05-17,24,254.42487054499995,45.973665961010276,208.45120458398972,5.10818510677892,4.597366596101027,2.4230249470757705
FR,2024-05-18,24,142.99388044031565,18.973665961010276,124.02021447930535,2.1081851067789197,1.8973665961010275,1.0
FR,2024-05-19,24,199.61588308344335,37.94733192202055,161.66855116142278,4.216370213557839,3.794733192202055,2.0
FR,2024-05-20,24,105.98318027467465,28.973665961010276,77.00951431366437,3.219296217890031,2.8973665961010275,1.52704627669473
FR,2024-05-21,24,197.41629022082526,46.94733192202055,150.46895829880472,5.216370213557839,4.694733192202055,2.474341649025257
FR,2024-05-22,24,189.5947760034644,54.973665961010276,134.62111004245415,6.10818510677892,5.497366596101028,2.8973665961010275
FR,2024-05-23,24,199.46494294892273,37.94733192202055,161.51761102690216,4.216370213557839,3.794733192202055,2.0
FR,2024-05-24,24,129.95589890173375,27.973665961010276,101.98223294072348,3.1081851067789197,2.7973665961010274,1.4743416490252568
FR,2024-05-25,24,172.3798883504487,18.973665961010276,153.40622238943843,2.1081851067789197,1.8973665961010275,1.0
FR,2024-05-26,24,135.8611030407302,28.486832980505138,107.37427006022506,3.165203664500571,2.8486832980505135,1.5013879257199867
FR,2024-05-27,24,69.98793984352741,20.0,49.98793984352742,2.2222222222222223,2.0,1.0540925533894598
FR,2024-05-28,24,107.3050612351683,37.94733192202055,69.35772931314776,4.216370213557839,3.794733192202055,2.0
FR,2024-05-29,24,156.35005486303504,37.94733192202055,118.4027229410145,4.216370213557839,3.794733192202055,2.0
FR,2024-05-30,24,149.3889039811782,37.94733192202055,111.44157205915764,4.216370213557839,3.794733192202055,2.0
FR,2024-05-31,24,67.35394022676586,37.97366596101027,29.38027426575558,4.219296217890031,3.7973665961010274,2.0013879257199867
FR,2024-06-01,24,19.06004603335941,9.486832980505138,9.573213052854271,1.0540925533894598,0.9486832980505138,0.5
FR,2024-06-02,24,117.63158995888074,18.973665961010276,98.65792399787045,2.1081851067789197,1.8973665961010275,1.0
FR,2024-06-03,24,139.05617293835792,28.973665961010276,110.08250697734768,3.219296217890031,2.8973665961010275,1.52704627669473
FR,2024-06-04,24,277.1256121157436,37.94733192202055,239.17828019372303,4.216370213557839,3.794733192202055,2.0
FR,2024-06-05,24,142.57863919805072,18.973665961010276,123.60497323704044,2.1081851067789197,1.8973665961010275,1.0
FR,2024-06-06,24,215.93340089901096,37.94733192202055,177.98606897699042,4.216370213557839,3.794733192202055,2.0
FR,2024-06-07,24,184.13112655521405,45.97366596101027,138.15746059420377,5.10818510677892,4.597366596101027,2.4230249470757705
FR,2024-06-08,24,187.54020990676946,27.973665961010276,159.56654394575918,3.1081851067789197,2.7973665961010274,1.4743416490252568
FR,2024-06-09,24,162.7875109577516,18.973665961010276,143.81384499674132,2.1081851067789197,1.8973665961010275,1.0
FR,2024-06-10,24,177.3647251370129,37.973665961010276,139.3910591760026,4.219296217890031,3.7973665961010274,2.0013879257199867
FR,2024-06-11,24,191.93336837941183,37.94733192202055,153.9860364573913,4.216370213557839,3.794733192202055,2.0
FR,2024-06-12,24,116.71327522483949,36.48683298050514,80.22644224433436,4.054092553389459,3.6486832980505137,1.9230249470757708
FR,2024-06-13,24,225.52107167688035,46.94733192202055,178.5737397548598,5.216370213557839,4.694733192202055,2.474341649025257
FR,2024-06-14,24,185.7540723318619,45.97366596101027,139.7804063708516,5.10818510677892,4.597366596101027,2.4230249470757705
FR,2024-06-15,24,212.1616557675728,18.973665961010276,193.1879898065625,2.1081851067789197,1.8973665961010275,1.0
FR,2024-06-16,24,134.3962800801986,18.973665961010276,115.42261411918834,2.1081851067789197,1.8973665961010275,1.0
FR,2024-06-17,24,177.28104630603696,38.46049894151541,138.82054736452153,4.273388771279491,3.846049894151541,2.0270462766947297
FR,2024-06-18,24,159.50862000465094,46.94733192202055,112.56128808263037,5.216370213557839,4.694733192202055,2.474341649025257
FR,2024-06-19,24,263.80038183838565,37.94733192202055,225.85304991636505,4.216370213557839,3.794733192202055,2.0
FR,2024-06-20,24,176.15323504041834,38.46049894151541,137.6927360989029,4.273388771279491,3.846049894151541,2.0270462766947297
FR,2024-06-21,24,156.9256914697276,37.486832980505135,119.43885848922245,4.165203664500571,3.748683298050514,1.9757295747452437
FR,2024-06-22,24,185.1654164557039,27.973665961010276,157.19175049469362,3.1081851067789197,2.7973665961010274,1.4743416490252568
FR,2024-06-23,24,168.0698960162586,18.973665961010276,149.09623005524833,2.1081851067789197,1.8973665961010275,1.0
FR,2024-06-24,24,210.80744157109058,54.97366596101027,155.83377561008032,6.10818510677892,5.497366596101027,2.897366596101027
FR,2024-06-25,24,231.98465441812175,36.97366596101027,195.0109884571115,4.10818510677892,3.697366596101028,1.948683298050514
FR,2024-06-26,24,147.10533372260568,37.94733192202055,109.1580018005851,4.216370213557839,3.794733192202055,2.0
FR,2024-06-27,24,219.9280785741842,38.46049894151541,181.4675796326688,4.273388771279491,3.846049894151541,2.0270462766947297
FR,2024-06-28,24,203.66868890562915,37.94733192202055,165.7213569836086,4.216370213557839,3.794733192202055,2.0
FR,2024-06-29,24,128.42225379178834,28.973665961010276,99.44858783077805,3.219296217890031,2.8973665961010275,1.52704627669473
FR,2024-06-30,24,141.55580636759433,18.973665961010276,122.58214040658405,2.1081851067789197,1.8973665961010275,1.0
FR,2024-07-01,24,190.2606663005957,37.94733192202055,152.31333437857512,4.216370213557839,3.794733192202055,2.0
FR,2024-07-02,24,236.12113242543143,38.46049894151541,197.660633483916,4.273388771279491,3.846049894151541,2.0270462766947297
FR,2024-07-03,24,238.64594992125103,55.947331922020545,182.69861799923046,6.216370213557839,5.594733192202055,2.9486832980505135
FR,2024-07-04,24,144.0904507921747,28.460498941515414,115.62995185065927,3.1622776601683795,2.846049894151541,1.4999999999999998
FR,2024-07-05,24,172.37160372809768,28.973665961010276,143.39793776708743,3.219296217890031,2.8973665961010275,1.52704627669473
FR,2024-07-06,24,170.23511862780666,18.973665961010276,151.26145266679637,2.1081851067789197,1.8973665961010275,1.0
FR,2024-07-07,24,143.61242530166604,18.973665961010276,124.63875934065577,2.1081851067789197,1.8973665961010275,1.0
FR,2024-07-08,24,184.92365486728016,45.97366596101027,138.94998890626988,5.10818510677892,4.597366596101027,2.4230249470757705
FR,2024-07-09,24,248.5423313998134,46.94733192202055,201.59499947779287,5.216370213557839,4.694733192202055,2.474341649025257
FR,2024-07-10,24,149.9877709990444,28.460498941515414,121.52727205752899,3.1622776601683795,2.846049894151541,1.4999999999999998
FR,2024-07-11,24,161.27455348520294,45.973665961010276,115.30088752419263,5.10818510677892,4.597366596101027,2.4230249470757705
FR,2024-07-12,24,151.885188631937,36.97366596101027,114.91152267092673,4.10818510677892,3.6973665961010274,1.9486832980505138
FR,2024-07-13,24,163.7383112128345,18.973665961010276,144.76464525182422,2.1081851067789197,1.8973665961010275,1.0
FR,2024-07-14,24,339.56677583811705,18.973665961010276,320.59310987710677,2.1081851067789197,1.8973665961010275,1.0
FR,2024-07-15,24,194.94353676760778,37.94733192202055,156.99620484558722,4.216370213557839,3.794733192202055,2.0
FR,2024-07-16,24,183.87956528146552,37.486832980505135,146.39273230096038,4.165203664500571,3.748683298050514,1.9757295747452437
FR,2024-07-17,24,217.1464811755546,37.46049894151541,179.6859822340392,4.16227766016838,3.7460498941515414,1.974341649025257
FR,2024-07-18,24,196.29586317829975,46.94733192202055,149.3485312562792,5.216370213557839,4.6947331922020545,2.4743416490252566
FR,2024-07-19,24,156.77731001447347,37.486832980505135,119.29047703396834,4.165203664500571,3.748683298050514,1.9757295747452437
FR,2024-07-20,24,174.09321791018908,18.973665961010276,155.1195519491788,2.1081851067789197,1.8973665961010275,1.0
FR,2024-07-21,24,126.50698682582511,18.973665961010276,107.53332086481483,2.1081851067789197,1.8973665961010275,1.0
FR,2024-07-22,24,110.33404169807142,20.0,90.33404169807142,2.2222222222222223,2.0,1.0540925533894598
FR,2024-07-23,24,200.3456628524376,37.94733192202055,162.39833093041705,4.216370213557839,3.794733192202055,2.0
FR,2024-07-24,24,250.84263563735604,45.97366596101027,204.86896967634578,5.10818510677892,4.597366596101027,2.4230249470757705
FR,2024-07-25,24,127.3326568342006,20.0,107.3326568342006,2.2222222222222223,2.0,1.0540925533894598
FR,2024-07-26,24,111.65690396192812,46.94733192202055,64.70957203990758,5.216370213557839,4.6947331922020545,2.4743416490252566
FR,2024-07-27,24,107.25223860111294,27.973665961010276,79.27857264010265,3.1081851067789197,2.7973665961010274,1.4743416490252568
FR,2024-07-28,24,178.5921994285331,36.973665961010276,141.6185334675228,4.10818510677892,3.6973665961010274,1.9486832980505138
FR,2024-07-29,24,130.26625232168422,28.460498941515414,101.80575338016881,3.1622776601683795,2.846049894151541,1.4999999999999998
FR,2024-07-30,24,178.7808242967131,28.973665961010276,149.8071583357028,3.219296217890031,2.8973665961010275,1.52704627669473
FR,2024-07-31,24,211.35307692463564,37.94733192202055,173.40574500261508,4.216370213557839,3.794733192202055,2.0
FR,2024-08-01,24,141.84270286756004,37.94733192202055,103.89537094553945,4.216370213557839,3.794733192202055,2.0
FR,2024-08-02,24,161.12739699971877,37.94733192202055,123.18006507769825,4.216370213557839,3.794733192202055,2.0
FR,2024-08-03,24,108.08286868765263,18.973665961010276,89.10920272664235,2.1081851067789197,1.8973665961010275,1.0
FR,2024-08-04,24,145.93817324454284,28.486832980505138,117.45134026403771,3.165203664500571,2.8486832980505135,1.5013879257199867
FR,2024-08-05,24,163.61635679604763,28.460498941515414,135.1558578545322,3.1622776601683795,2.846049894151541,1.4999999999999998
FR,2024-08-06,24,179.6364462754131,37.94733192202055,141.68911435339254,4.216370213557839,3.794733192202055,2.0
FR,2024-08-07,24,129.117370683942,37.94733192202055,91.17003876192143,4.216370213557839,3.794733192202055,2.0
FR,2024-08-08,24,144.15738457282418,37.94733192202055,106.21005265080363,4.216370213557839,3.794733192202055,2.0
FR,2024-08-09,24,179.64837265283808,46.94733192202055,132.7010407308175,5.216370213557839,4.6947331922020545,2.4743416490252566
FR,2024-08-10,24,219.98391598831,37.973665961010276,182.01025002729972,4.219296217890031,3.7973665961010274,2.0013879257199867
FR,2024-08-11,24,212.06565042554308,18.973665961010276,193.0919844645328,2.1081851067789197,1.8973665961010275,1.0
FR,2024-08-12,24,231.59911386770978,46.94733192202055,184.6517819456892,5.216370213557839,4.6947331922020545,2.4743416490252566
FR,2024-08-13,24,196.16739300812793,37.94733192202055,158.2200610861074,4.216370213557839,3.794733192202055,2.0
FR,2024-08-14,24,110.35493504794745,37.486832980505135,72.86810206744231,4.165203664500571,3.7486832980505134,1.9757295747452435
FR,2024-08-15,24,165.72326782260276,27.973665961010276,137.74960186159248,3.1081851067789197,2.7973665961010274,1.4743416490252568
FR,2024-08-16,24,100.42275690335119,27.973665961010276,72.4490909423409,3.1081851067789197,2.7973665961010274,1.4743416490252568
FR,2024-08-17,24,133.6183364032456,18.973665961010276,114.64467044223531,2.1081851067789197,1.8973665961010275,1.0
FR,2024-08-18,24,189.0100965489317,18.973665961010276,170.03643058792142,2.1081851067789197,1.8973665961010275,1.0
FR,2024-08-19,24,151.8317888044931,45.97366596101027,105.85812284348282,5.10818510677892,4.597366596101027,2.4230249470757705
FR,2024-08-20,24,228.4751547040421,38.46049894151541,190.01465576252667,4.273388771279491,3.846049894151541,2.0270462766947297
FR,2024-08-21,24,278.57912428512566,37.486832980505135,241.0922913046205,4.165203664500571,3.7486832980505134,1.9757295747452435
FR,2024-08-22,24,288.03736123976046,46.94733192202055,241.09002931773995,5.216370213557839,4.6947331922020545,2.4743416490252566
FR,2024-08-23,24,200.90180129725428,28.973665961010276,171.928135336244,3.219296217890031,2.8973665961010275,1.52704627669473
FR,2024-08-24,24,238.55448543680603,19.486832980505138,219.0676524563009,2.165203664500571,1.9486832980505138,1.02704627669473
FR,2024-08-25,24,138.53608650159163,18.973665961010276,119.56242054058134,2.1081851067789197,1.8973665961010275,1.0
FR,2024-08-26,24,223.5174259201233,45.97366596101027,177.543759959113,5.10818510677892,4.597366596101027,2.4230249470757705
FR,2024-08-27,24,280.49639501453623,46.94733192202055,233.54906309251567,5.216370213557839,4.6947331922020545,2.4743416490252566
FR,2024-08-28,24,238.486032765898,37.46049894151541,201.02553382438253,4.162277660168379,3.746049894151541,1.9743416490252568
FR,2024-08-29,24,172.61987221182284,37.46049894151541,135.1593732703074,4.16227766016838,3.7460498941515414,1.974341649025257
FR,2024-08-30,24,111.74901385032871,38.46049894151541,73.28851490881328,4.273388771279491,3.846049894151541,2.0270462766947297
FR,2024-08-31,24,252.8478272297927,46.94733192202055,205.90049530777213,5.216370213557839,4.6947331922020545,2.4743416490252566
FR,2024-09-01,24,216.17934853103048,27.973665961010276,188.2056825700202,3.1081851067789197,2.7973665961010274,1.4743416490252568
FR,2024-09-02,24,120.04003340162949,37.46049894151541,82.57953446011408,4.162277660168379,3.7460498941515414,1.974341649025257
FR,2024-09-03,24,105.16997887817985,28.460498941515414,76.70947993666442,3.1622776601683795,2.846049894151541,1.4999999999999998
FR,2024-09-04,24,120.83430243992103,46.947331922020545,73.88697051790047,5.216370213557839,4.6947331922020545,2.4743416490252566
FR,2024-09-05,24,157.1863004720128,45.97366596101027,111.2126345110025,5.10818510677892,4.597366596101027,2.4230249470757705
FR,2024-09-06,24,189.33864586419404,37.486832980505135,151.85181288368892,4.165203664500571,3.748683298050514,1.9757295747452437
FR,2024-09-07,24,262.9432444135269,46.947331922020545,215.99591249150632,5.216370213557839,4.6947331922020545,2.4743416490252566
FR,2024-09-08,24,182.86622268547768,19.486832980505138,163.37938970497254,2.165203664500571,1.9486832980505138,1.02704627669473
FR,2024-09-09,24,319.2861781759142,46.46049894151541,272.82567923439876,5.16227766016838,4.646049894151541,2.4486832980505135
FR,2024-09-10,24,270.34693174166824,47.434164902525694,222.9127668391426,5.270462766947299,4.743416490252569,2.5
FR,2024-09-11,24,216.79601788442443,37.94733192202055,178.84868596240386,4.216370213557839,3.794733192202055,2.0
FR,2024-09-12,24,271.2175465706247,36.97366596101027,234.24388060961442,4.10818510677892,3.6973665961010274,1.9486832980505138
FR,2024-09-13,24,366.9426267913939,46.94733192202055,319.99529486937337,5.216370213557839,4.694733192202055,2.474341649025257
FR,2024-09-14,24,175.90297017820822,28.973665961010276,146.92930421719794,3.219296217890031,2.8973665961010275,1.52704627669473
FR,2024-09-15,24,132.34740186017746,28.973665961010276,103.37373589916717,3.219296217890031,2.8973665961010275,1.52704627669473
FR,2024-09-16,24,328.04312886369553,47.434164902525694,280.6089639611699,5.270462766947299,4.743416490252569,2.5
FR,2024-09-17,24,167.24180331282037,37.94733192202055,129.29447139079983,4.216370213557839,3.794733192202055,2.0
FR,2024-09-18,24,371.04170213547155,47.94733192202055,323.094370213451,5.327481324668951,4.794733192202055,2.5270462766947297
FR,2024-09-19,24,321.5970771324345,47.434164902525694,274.1629122299088,5.2704627669473,4.743416490252569,2.5
FR,2024-09-20,24,284.0987315800588,47.94733192202055,236.15139965803826,5.327481324668951,4.794733192202055,2.5270462766947297
FR,2024-09-21,24,235.64124176941127,57.486832980505135,178.15440878890615,6.387425886722793,5.748683298050514,3.0298221281347035
FR,2024-09-22,24,223.7709643728161,37.94733192202055,185.82363245079554,4.216370213557839,3.794733192202055,2.0
FR,2024-09-23,24,274.2575186813115,37.94733192202055,236.31018675929099,4.216370213557839,3.794733192202055,2.0
FR,2024-09-24,24,299.14987742404173,47.434164902525694,251.71571252151602,5.270462766947299,4.743416490252569,2.5
FR,2024-09-25,24,196.285305825176,38.46049894151541,157.8248068836606,4.273388771279491,3.8460498941515415,2.02704627669473
FR,2024-09-26,24,189.19990268848935,46.94733192202055,142.2525707664688,5.216370213557839,4.6947331922020545,2.4743416490252566
FR,2024-09-27,24,176.78319817335648,37.94733192202055,138.83586625133591,4.216370213557839,3.794733192202055,2.0
FR,2024-09-28,24,170.25594699727583,37.94733192202055,132.3086150752553,4.216370213557839,3.794733192202055,2.0
FR,2024-09-29,24,154.82248336754816,36.97366596101027,117.84881740653788,4.10818510677892,3.6973665961010274,1.9486832980505138
FR,2024-09-30,24,164.10369523926232,37.94733192202055,126.15636331724177,4.216370213557839,3.794733192202055,2.0
FR,2024-10-01,24,259.70510989438105,37.94733192202055,221.7577779723605,4.216370213557839,3.794733192202055,2.0
FR,2024-10-02,24,176.06831805337617,46.46049894151541,129.60781911186075,5.16227766016838,4.646049894151541,2.4486832980505135
FR,2024-10-03,24,298.4140525219806,47.434164902525694,250.9798876194549,5.270462766947299,4.743416490252569,2.5
FR,2024-10-04,24,227.27033321767294,37.94733192202055,189.32300129565238,4.2163702135578385,3.794733192202055,2.0
FR,2024-10-05,24,215.8031796551761,37.46049894151541,178.34268071366068,4.16227766016838,3.7460498941515414,1.974341649025257
FR,2024-10-06,24,156.37542366429227,37.48683298050514,118.88859068378714,4.165203664500571,3.748683298050514,1.9757295747452437
FR,2024-10-07,24,213.31391697075563,37.94733192202055,175.36658504873506,4.216370213557839,3.794733192202055,2.0
FR,2024-10-08,24,273.43648979841925,47.43416490252569,226.00232489589362,5.270462766947299,4.743416490252569,2.5
FR,2024-10-09,24,181.33197128739434,46.947331922020545,134.38463936537377,5.216370213557839,4.6947331922020545,2.4743416490252566
FR,2024-10-10,24,251.88651607569605,37.94733192202055,213.9391841536755,4.216370213557839,3.794733192202055,2.0
FR,2024-10-11,24,255.12662819661935,37.94733192202055,217.17929627459878,4.216370213557839,3.794733192202055,2.0
FR,2024-10-12,24,183.70499917769533,47.434164902525694,136.27083427516968,5.270462766947299,4.743416490252569,2.5
FR,2024-10-13,24,88.67132359618296,20.0,68.67132359618296,2.2222222222222228,2.0,1.0540925533894598
FR,2024-10-14,24,252.51316132554456,37.94733192202055,214.565829403524,4.216370213557839,3.794733192202055,2.0
FR,2024-10-15,24,214.81201147280336,46.46049894151541,168.35151253128794,5.162277660168379,4.646049894151542,2.448683298050514
FR,2024-10-16,24,246.51948734285253,47.434164902525694,199.08532244032682,5.2704627669473,4.743416490252569,2.5
FR,2024-10-17,24,119.63433797272364,28.973665961010276,90.66067201171336,3.219296217890031,2.8973665961010275,1.52704627669473
FR,2024-10-18,24,221.1680211815458,46.46049894151541,174.70752224003044,5.162277660168379,4.646049894151542,2.448683298050514
FR,2024-10-19,24,173.32588160220573,37.94733192202055,135.37854968018516,4.216370213557839,3.794733192202055,2.0
FR,2024-10-20,24,116.01871403829017,28.460498941515414,87.55821509677475,3.1622776601683795,2.846049894151541,1.4999999999999998
FR,2024-10-21,24,241.30755590424536,37.94733192202055,203.3602239822248,4.216370213557839,3.794733192202055,2.0
FR,2024-10-22,24,219.85278946145036,37.94733192202055,181.9054575394298,4.216370213557839,3.794733192202055,2.0
FR,2024-10-23,24,206.479476432732,37.46049894151541,169.01897749121665,4.162277660168379,3.7460498941515414,1.974341649025257
FR,2024-10-24,24,235.52528767098408,45.97366596101027,189.5516217099738,5.10818510677892,4.597366596101027,2.4230249470757705
FR,2024-10-25,24,166.77322407551134,47.434164902525694,119.33905917298563,5.2704627669473,4.743416490252569,2.5
FR,2024-10-26,24,106.28124705774923,37.973665961010276,68.30758109673896,4.219296217890031,3.7973665961010274,2.0013879257199867
FR,2024-10-27,25,190.17708730760975,46.94733192202055,143.2297553855892,5.216370213557839,4.6947331922020545,2.4743416490252566
FR,2024-10-28,24,196.85976743834976,47.43416490252569,149.42560253582405,5.270462766947299,4.743416490252569,2.5
FR,2024-10-29,24,235.17467449157624,46.46049894151541,188.71417555006082,5.16227766016838,4.646049894151541,2.4486832980505135
FR,2024-10-30,24,191.90803070371533,46.46049894151541,145.44753176219996,5.16227766016838,4.646049894151542,2.448683298050514
FR,2024-10-31,24,123.86005960486975,37.94733192202055,85.91272768284918,4.216370213557839,3.794733192202055,2.0
FR,2024-11-01,24,117.66444072657237,27.973665961010273,89.69077476556208,3.1081851067789197,2.7973665961010274,1.4743416490252568
FR,2024-11-02,24,56.491410605777816,18.973665961010276,37.51774464476753,2.1081851067789197,1.8973665961010275,1.0
FR,2024-11-03,24,137.86366009172727,19.486832980505138,118.37682711122213,2.165203664500571,1.9486832980505138,1.02704627669473
FR,2024-11-04,24,144.40140370946173,37.94733192202055,106.45407178744117,4.216370213557839,3.794733192202055,2.0
FR,2024-11-05,24,202.39957862082747,37.94733192202055,164.4522466988069,4.216370213557839,3.794733192202055,2.0
FR,2024-11-06,24,126.28290914985081,28.973665961010276,97.30924318884053,3.219296217890031,2.8973665961010275,1.52704627669473
FR,2024-11-07,24,130.19550908214205,36.973665961010276,93.22184312113177,4.108185106778919,3.6973665961010274,1.9486832980505138
FR,2024-11-08,24,59.65792544466632,28.486832980505135,31.171092464161177,3.165203664500571,2.8486832980505135,1.5013879257199867
FR,2024-11-09,24,35.94236072988846,18.486832980505135,17.455527749383307,2.05409255338946,1.8486832980505137,0.9743416490252569
FR,2024-11-10,24,38.030106011375366,18.486832980505138,19.543273030870225,2.05409255338946,1.8486832980505137,0.9743416490252569
FR,2024-11-11,24,75.01357284592581,28.460498941515414,46.55307390441038,3.1622776601683795,2.846049894151541,1.4999999999999998
FR,2024-11-12,24,187.09208435626806,38.46049894151541,148.63158541475264,4.273388771279491,3.846049894151541,2.0270462766947297
FR,2024-11-13,24,150.07839079490873,36.973665961010276,113.10472483389844,4.10818510677892,3.6973665961010274,1.9486832980505138
FR,2024-11-14,24,84.98861394988955,18.973665961010276,66.01494798887927,2.1081851067789197,1.8973665961010275,1.0
FR,2024-11-15,24,65.8691840766754,18.973665961010276,46.89551811566512,2.1081851067789197,1.8973665961010275,1.0
FR,2024-11-16,24,48.19912271169622,18.973665961010276,29.225456750685936,2.1081851067789197,1.8973665961010275,1.0
FR,2024-11-17,24,132.28040560234564,37.46049894151541,94.81990666083021,4.16227766016838,3.7460498941515414,1.974341649025257
FR,2024-11-18,24,144.5773510221337,27.486832980505135,117.09051804162857,3.05409255338946,2.748683298050514,1.4486832980505138
FR,2024-11-19,24,226.85194592867228,37.46049894151541,189.3914469871569,4.16227766016838,3.7460498941515414,1.974341649025257
FR,2024-11-20,24,153.0608372741691,46.46049894151541,106.60033833265373,5.16227766016838,4.646049894151541,2.4486832980505135
FR,2024-11-21,24,62.356095215767155,18.973665961010276,43.38242925475687,2.1081851067789197,1.8973665961010275,1.0
FR,2024-11-22,24,129.30251751645784,45.97366596101027,83.32885155544761,5.10818510677892,4.597366596101027,2.4230249470757705
FR,2024-11-23,24,183.08450664681322,37.46049894151541,145.6240077052978,4.16227766016838,3.7460498941515414,1.974341649025257
FR,2024-11-24,24,63.144084550957686,28.460498941515414,34.683585609442275,3.1622776601683795,2.846049894151541,1.4999999999999998
FR,2024-11-25,24,168.1666771154539,18.973665961010276,149.19301115444364,2.1081851067789197,1.8973665961010275,1.0
FR,2024-11-26,24,149.61827065230358,37.94733192202055,111.67093873028301,4.216370213557839,3.794733192202055,2.0
FR,2024-11-27,24,248.0188700380915,47.434164902525694,200.5847051355658,5.270462766947299,4.743416490252569,2.5
FR,2024-11-28,24,164.55467336621047,37.94733192202055,126.6073414441899,4.216370213557839,3.794733192202055,2.0
FR,2024-11-29,24,114.00086851835385,37.46049894151541,76.54036957683849,4.162277660168379,3.7460498941515414,1.974341649025257
FR,2024-11-30,24,67.8454704084076,28.486832980505135,39.358637427902465,3.165203664500571,2.8486832980505135,1.5013879257199867
FR,2024-12-01,24,85.35742093297756,36.48683298050514,48.870587952472476,4.054092553389459,3.6486832980505137,1.9230249470757708
FR,2024-12-02,24,149.02651710481175,28.460498941515414,120.56601816329632,3.1622776601683795,2.846049894151541,1.4999999999999998
FR,2024-12-03,24,140.8916429463062,18.973665961010276,121.91797698529592,2.1081851067789197,1.8973665961010275,1.0
FR,2024-12-04,24,252.02782584282932,37.94733192202055,214.08049392080875,4.216370213557839,3.794733192202055,2.0
FR,2024-12-05,24,117.841975053912,27.486832980505135,90.35514207340685,3.05409255338946,2.748683298050514,1.4486832980505138
FR,2024-12-06,24,191.46901441602859,36.486832980505135,154.98218143552344,4.054092553389459,3.6486832980505133,1.9230249470757705
FR,2024-12-07,24,153.5532493804881,56.46049894151541,97.0927504389727,6.273388771279491,5.646049894151542,2.975729574745244
FR,2024-12-08,24,89.66971902346017,27.486832980505138,62.18288604295503,3.05409255338946,2.748683298050514,1.4486832980505138
FR,2024-12-09,24,227.20251588714723,46.46049894151541,180.74201694563186,5.16227766016838,4.646049894151542,2.448683298050514
FR,2024-12-10,24,154.11229730470228,36.973665961010276,117.138631343692,4.10818510677892,3.6973665961010274,1.9486832980505138
FR,2024-12-11,24,378.610862562806,37.94733192202055,340.66353064078544,4.2163702135578385,3.794733192202055,2.0
FR,2024-12-12,24,384.15484078304087,37.94733192202055,346.2075088610203,4.216370213557839,3.794733192202055,2.0
FR,2024-12-13,24,396.61114854475375,37.94733192202055,358.6638166227332,4.216370213557839,3.794733192202055,2.0
FR,2024-12-14,24,47.103021686478655,28.460498941515414,18.64252274496323,3.1622776601683795,2.846049894151541,1.4999999999999998
FR,2024-12-15,24,112.7073100307066,28.460498941515414,84.24681108919117,3.1622776601683795,2.846049894151541,1.4999999999999998
FR,2024-12-16,24,129.75332309530836,27.973665961010276,101.77965713429808,3.1081851067789197,2.7973665961010274,1.4743416490252568
FR,2024-12-17,24,112.95497722863131,18.973665961010276,93.98131126762102,2.1081851067789197,1.8973665961010275,1.0
FR,2024-12-18,24,161.75986859436605,28.460498941515414,133.29936965285066,3.1622776601683795,2.846049894151541,1.4999999999999998
FR,2024-12-19,24,170.94486701984187,46.46049894151541,124.48436807832644,5.16227766016838,4.646049894151541,2.4486832980505135
FR,2024-12-20,24,183.88235737699262,38.46049894151541,145.4218584354772,4.273388771279491,3.846049894151541,2.0270462766947297
FR,2024-12-21,24,59.70670590308396,18.973665961010276,40.73303994207369,2.1081851067789197,1.8973665961010275,1.0
FR,2024-12-22,24,115.63069617607925,27.973665961010276,87.65703021506897,3.1081851067789197,2.7973665961010274,1.4743416490252568
FR,2024-12-23,24,112.09862274106518,9.486832980505138,102.61178976056004,1.0540925533894598,0.9486832980505138,0.5
FR,2024-12-24,24,51.44224883403831,18.973665961010276,32.468582873028026,2.1081851067789197,1.8973665961010275,1.0
FR,2024-12-25,24,33.95511817568466,9.486832980505138,24.46828519517952,1.0540925533894598,0.9486832980505138,0.5
FR,2024-12-26,24,36.41033896937323,9.486832980505138,26.923505988868087,1.0540925533894598,0.9486832980505138,0.5
FR,2024-12-27,24,88.26285149967333,37.94733192202055,50.315519577652765,4.216370213557839,3.794733192202055,2.0
FR,2024-12-28,24,45.529633348124605,18.486832980505135,27.042800367619463,2.05409255338946,1.8486832980505137,0.9743416490252569
FR,2024-12-29,24,59.00056257450035,27.973665961010273,31.026896613490067,3.1081851067789197,2.7973665961010274,1.4743416490252568
FR,2024-12-30,24,49.10048507188324,9.486832980505138,39.6136520913781,1.0540925533894598,0.9486832980505138,0.5
FR,2024-12-31,24,111.23456742985951,28.460498941515414,82.77406848834408,3.1622776601683795,2.846049894151541,1.4999999999999998
