timestamp_utc,DE-LU,FR,spread_de_minus_fr_eur_mwh,timestamp_cet
2024-11-30 23:00:00+00:00,99.66,99.66,0.0,2024-12-01 00:00:00+01:00
2024-12-01 00:00:00+00:00,90.01,90.01,0.0,2024-12-01 01:00:00+01:00
2024-12-01 01:00:00+00:00,88.14,88.14,0.0,2024-12-01 02:00:00+01:00
2024-12-01 02:00:00+00:00,85.7,85.7,0.0,2024-12-01 03:00:00+01:00
2024-12-01 03:00:00+00:00,84.8,81.1,3.700000000000003,2024-12-01 04:00:00+01:00
2024-12-01 04:00:00+00:00,85.31,74.68,10.629999999999995,2024-12-01 05:00:00+01:00
2024-12-01 05:00:00+00:00,84.43,76.05,8.38000000000001,2024-12-01 06:00:00+01:00
2024-12-01 06:00:00+00:00,89.97,86.77,3.200000000000003,2024-12-01 07:00:00+01:00
2024-12-01 07:00:00+00:00,99.64,96.49,3.1500000000000057,2024-12-01 08:00:00+01:00
2024-12-01 08:00:00+00:00,94.6,94.6,0.0,2024-12-01 09:00:00+01:00
2024-12-01 09:00:00+00:00,89.3,89.3,0.0,2024-12-01 10:00:00+01:00
2024-12-01 10:00:00+00:00,82.38,82.38,0.0,2024-12-01 11:00:00+01:00
2024-12-01 11:00:00+00:00,85.25,85.25,0.0,2024-12-01 12:00:00+01:00
2024-12-01 12:00:00+00:00,83.08,83.08,0.0,2024-12-01 13:00:00+01:00
2024-12-01 13:00:00+00:00,90.61,75.77,14.840000000000003,2024-12-01 14:00:00+01:00
2024-12-01 14:00:00+00:00,108.62,85.47,23.150000000000006,2024-12-01 15:00:00+01:00
2024-12-01 15:00:00+00:00,121.53,94.98,26.549999999999997,2024-12-01 16:00:00+01:00
2024-12-01 16:00:00+00:00,117.77,116.91,0.8599999999999994,2024-12-01 17:00:00+01:00
2024-12-01 17:00:00+00:00,121.51,124.76,-3.25,2024-12-01 18:00:00+01:00
2024-12-01 18:00:00+00:00,110.23,115.93,-5.700000000000003,2024-12-01 19:00:00+01:00
2024-12-01 19:00:00+00:00,91.35,97.6,-6.25,2024-12-01 20:00:00+01:00
2024-12-01 20:00:00+00:00,84.36,88.84,-4.480000000000004,2024-12-01 21:00:00+01:00
2024-12-01 21:00:00+00:00,96.98,98.17,-1.1899999999999977,2024-12-01 22:00:00+01:00
2024-12-01 22:00:00+00:00,85.0,85.0,0.0,2024-12-01 23:00:00+01:00
2024-12-01 23:00:00+00:00,74.77,76.45,-1.6800000000000068,2024-12-02 00:00:00+01:00
2024-12-02 00:00:00+00:00,65.78,67.84,-2.0600000000000023,2024-12-02 01:00:00+01:00
2024-12-02 01:00:00+00:00,61.17,63.08,-1.9099999999999966,2024-12-02 02:00:00+01:00
2024-12-02 02:00:00+00:00,46.44,45.53,0.9099999999999966,2024-12-02 03:00:00+01:00
2024-12-02 03:00:00+00:00,50.21,38.37,11.840000000000003,2024-12-02 04:00:00+01:00
2024-12-02 04:00:00+00:00,69.53,57.28,12.25,2024-12-02 05:00:00+01:00
2024-12-02 05:00:00+00:00,92.08,96.56,-4.480000000000004,2024-12-02 06:00:00+01:00
2024-12-02 06:00:00+00:00,125.25,129.01,-3.759999999999991,2024-12-02 07:00:00+01:00
2024-12-02 07:00:00+00:00,125.2,129.46,-4.260000000000005,2024-12-02 08:00:00+01:00
2024-12-02 08:00:00+00:00,123.63,125.63,-2.0,2024-12-02 09:00:00+01:00
2024-12-02 09:00:00+00:00,121.27,122.9,-1.6300000000000097,2024-12-02 10:00:00+01:00
2024-12-02 10:00:00+00:00,115.8,117.25,-1.4500000000000028,2024-12-02 11:00:00+01:00
2024-12-02 11:00:00+00:00,115.09,115.89,-0.7999999999999972,2024-12-02 12:00:00+01:00
2024-12-02 12:00:00+00:00,127.6,118.71,8.89,2024-12-02 13:00:00+01:00
2024-12-02 13:00:00+00:00,136.74,115.95,20.790000000000006,2024-12-02 14:00:00+01:00
2024-12-02 14:00:00+00:00,144.04,124.62,19.419999999999987,2024-12-02 15:00:00+01:00
2024-12-02 15:00:00+00:00,144.75,125.9,18.849999999999994,2024-12-02 16:00:00+01:00
2024-12-02 16:00:00+00:00,147.68,136.02,11.659999999999997,2024-12-02 17:00:00+01:00
2024-12-02 17:00:00+00:00,147.9,149.61,-1.710000000000008,2024-12-02 18:00:00+01:00
2024-12-02 18:00:00+00:00,138.0,141.66,-3.6599999999999966,2024-12-02 19:00:00+01:00
2024-12-02 19:00:00+00:00,120.01,125.6,-5.589999999999989,2024-12-02 20:00:00+01:00
2024-12-02 20:00:00+00:00,112.68,116.08,-3.3999999999999915,2024-12-02 21:00:00+01:00
2024-12-02 21:00:00+00:00,111.72,115.07,-3.3499999999999943,2024-12-02 22:00:00+01:00
2024-12-02 22:00:00+00:00,102.21,103.91,-1.7000000000000028,2024-12-02 23:00:00+01:00
2024-12-02 23:00:00+00:00,110.73,111.74,-1.009999999999991,2024-12-03 00:00:00+01:00
2024-12-03 00:00:00+00:00,103.05,104.63,-1.5799999999999983,2024-12-03 01:00:00+01:00
2024-12-03 01:00:00+00:00,96.28,98.42,-2.1400000000000006,2024-12-03 02:00:00+01:00
2024-12-03 02:00:00+00:00,93.22,96.1,-2.8799999999999955,2024-12-03 03:00:00+01:00
2024-12-03 03:00:00+00:00,100.48,104.47,-3.989999999999995,2024-12-03 04:00:00+01:00
2024-12-03 04:00:00+00:00,108.09,111.57,-3.4799999999999898,2024-12-03 05:00:00+01:00
2024-12-03 05:00:00+00:00,121.76,125.34,-3.5799999999999983,2024-12-03 06:00:00+01:00
2024-12-03 06:00:00+00:00,142.39,148.48,-6.090000000000003,2024-12-03 07:00:00+01:00
2024-12-03 07:00:00+00:00,154.62,158.84,-4.219999999999999,2024-12-03 08:00:00+01:00
2024-12-03 08:00:00+00:00,150.09,154.9,-4.810000000000002,2024-12-03 09:00:00+01:00
2024-12-03 09:00:00+00:00,141.37,146.06,-4.689999999999998,2024-12-03 10:00:00+01:00
2024-12-03 10:00:00+00:00,139.23,142.0,-2.7700000000000102,2024-12-03 11:00:00+01:00
2024-12-03 11:00:00+00:00,135.62,140.89,-5.269999999999982,2024-12-03 12:00:00+01:00
2024-12-03 12:00:00+00:00,142.41,142.53,-0.12000000000000455,2024-12-03 13:00:00+01:00
2024-12-03 13:00:00+00:00,150.02,146.15,3.8700000000000045,2024-12-03 14:00:00+01:00
2024-12-03 14:00:00+00:00,168.94,156.63,12.310000000000002,2024-12-03 15:00:00+01:00
2024-12-03 15:00:00+00:00,205.18,165.36,39.81999999999999,2024-12-03 16:00:00+01:00
2024-12-03 16:00:00+00:00,210.0,203.24,6.759999999999991,2024-12-03 17:00:00+01:00
2024-12-03 17:00:00+00:00,197.88,197.88,0.0,2024-12-03 18:00:00+01:00
2024-12-03 18:00:00+00:00,189.83,189.83,0.0,2024-12-03 19:00:00+01:00
2024-12-03 19:00:00+00:00,170.04,158.46,11.579999999999984,2024-12-03 20:00:00+01:00
2024-12-03 20:00:00+00:00,153.61,150.0,3.6100000000000136,2024-12-03 21:00:00+01:00
2024-12-03 21:00:00+00:00,142.08,142.08,0.0,2024-12-03 22:00:00+01:00
2024-12-03 22:00:00+00:00,130.81,130.81,0.0,2024-12-03 23:00:00+01:00
2024-12-03 23:00:00+00:00,120.99,121.12,-0.13000000000000966,2024-12-04 00:00:00+01:00
2024-12-04 00:00:00+00:00,116.66,116.66,0.0,2024-12-04 01:00:00+01:00
2024-12-04 01:00:00+00:00,112.79,112.79,0.0,2024-12-04 02:00:00+01:00
2024-12-04 02:00:00+00:00,110.19,108.9,1.289999999999992,2024-12-04 03:00:00+01:00
2024-12-04 03:00:00+00:00,112.26,106.98,5.280000000000001,2024-12-04 04:00:00+01:00
2024-12-04 04:00:00+00:00,120.91,110.72,10.189999999999998,2024-12-04 05:00:00+01:00
2024-12-04 05:00:00+00:00,145.2,132.55,12.649999999999977,2024-12-04 06:00:00+01:00
2024-12-04 06:00:00+00:00,209.76,149.23,60.53,2024-12-04 07:00:00+01:00
2024-12-04 07:00:00+00:00,276.66,200.49,76.17000000000002,2024-12-04 08:00:00+01:00
2024-12-04 08:00:00+00:00,250.76,205.1,45.66,2024-12-04 09:00:00+01:00
2024-12-04 09:00:00+00:00,212.21,149.94,62.27000000000001,2024-12-04 10:00:00+01:00
2024-12-04 10:00:00+00:00,198.95,148.85,50.099999999999994,2024-12-04 11:00:00+01:00
2024-12-04 11:00:00+00:00,192.25,153.78,38.47,2024-12-04 12:00:00+01:00
2024-12-04 12:00:00+00:00,199.82,137.7,62.120000000000005,2024-12-04 13:00:00+01:00
2024-12-04 13:00:00+00:00,218.44,137.81,80.63,2024-12-04 14:00:00+01:00
2024-12-04 14:00:00+00:00,242.87,138.01,104.86000000000001,2024-12-04 15:00:00+01:00
2024-12-04 15:00:00+00:00,267.35,155.2,112.15000000000003,2024-12-04 16:00:00+01:00
2024-12-04 16:00:00+00:00,287.76,219.09,68.66999999999999,2024-12-04 17:00:00+01:00
2024-12-04 17:00:00+00:00,230.22,190.17,40.05000000000001,2024-12-04 18:00:00+01:00
2024-12-04 18:00:00+00:00,197.59,171.45,26.140000000000015,2024-12-04 19:00:00+01:00
2024-12-04 19:00:00+00:00,165.68,141.78,23.900000000000006,2024-12-04 20:00:00+01:00
2024-12-04 20:00:00+00:00,148.34,124.53,23.810000000000002,2024-12-04 21:00:00+01:00
2024-12-04 21:00:00+00:00,128.33,123.42,4.910000000000011,2024-12-04 22:00:00+01:00
2024-12-04 22:00:00+00:00,113.27,112.74,0.5300000000000011,2024-12-04 23:00:00+01:00
2024-12-04 23:00:00+00:00,114.77,114.77,0.0,2024-12-05 00:00:00+01:00
2024-12-05 00:00:00+00:00,105.74,105.74,0.0,2024-12-05 01:00:00+01:00
2024-12-05 01:00:00+00:00,103.27,102.66,0.6099999999999994,2024-12-05 02:00:00+01:00
2024-12-05 02:00:00+00:00,104.5,99.55,4.950000000000003,2024-12-05 03:00:00+01:00
2024-12-05 03:00:00+00:00,103.27,90.72,12.549999999999997,2024-12-05 04:00:00+01:00
2024-12-05 04:00:00+00:00,104.12,93.7,10.420000000000002,2024-12-05 05:00:00+01:00
2024-12-05 05:00:00+00:00,135.88,107.96,27.92,2024-12-05 06:00:00+01:00
2024-12-05 06:00:00+00:00,143.54,127.01,16.529999999999987,2024-12-05 07:00:00+01:00
2024-12-05 07:00:00+00:00,141.29,142.14,-0.8499999999999943,2024-12-05 08:00:00+01:00
2024-12-05 08:00:00+00:00,131.78,132.52,-0.7400000000000091,2024-12-05 09:00:00+01:00
2024-12-05 09:00:00+00:00,124.92,125.97,-1.0499999999999972,2024-12-05 10:00:00+01:00
2024-12-05 10:00:00+00:00,107.31,112.71,-5.3999999999999915,2024-12-05 11:00:00+01:00
2024-12-05 11:00:00+00:00,102.67,108.93,-6.260000000000005,2024-12-05 12:00:00+01:00
2024-12-05 12:00:00+00:00,102.93,107.56,-4.6299999999999955,2024-12-05 13:00:00+01:00
2024-12-05 13:00:00+00:00,102.89,108.45,-5.560000000000002,2024-12-05 14:00:00+01:00
2024-12-05 14:00:00+00:00,100.87,108.99,-8.11999999999999,2024-12-05 15:00:00+01:00
2024-12-05 15:00:00+00:00,101.5,114.2,-12.700000000000003,2024-12-05 16:00:00+01:00
2024-12-05 16:00:00+00:00,118.31,129.38,-11.069999999999993,2024-12-05 17:00:00+01:00
2024-12-05 17:00:00+00:00,112.16,126.79,-14.63000000000001,2024-12-05 18:00:00+01:00
2024-12-05 18:00:00+00:00,105.36,117.81,-12.450000000000003,2024-12-05 19:00:00+01:00
2024-12-05 19:00:00+00:00,87.13,101.91,-14.780000000000001,2024-12-05 20:00:00+01:00
2024-12-05 20:00:00+00:00,77.3,87.71,-10.409999999999997,2024-12-05 21:00:00+01:00
2024-12-05 21:00:00+00:00,74.17,83.24,-9.069999999999993,2024-12-05 22:00:00+01:00
2024-12-05 22:00:00+00:00,43.14,52.0,-8.86,2024-12-05 23:00:00+01:00
2024-12-05 23:00:00+00:00,10.64,22.55,-11.91,2024-12-06 00:00:00+01:00
2024-12-06 00:00:00+00:00,4.6,16.07,-11.47,2024-12-06 01:00:00+01:00
2024-12-06 01:00:00+00:00,3.87,13.08,-9.21,2024-12-06 02:00:00+01:00
2024-12-06 02:00:00+00:00,2.31,10.46,-8.15,2024-12-06 03:00:00+01:00
2024-12-06 03:00:00+00:00,2.99,10.9,-7.91,2024-12-06 04:00:00+01:00
2024-12-06 04:00:00+00:00,10.35,19.4,-9.049999999999999,2024-12-06 05:00:00+01:00
2024-12-06 05:00:00+00:00,63.49,69.41,-5.919999999999995,2024-12-06 06:00:00+01:00
2024-12-06 06:00:00+00:00,92.71,101.8,-9.090000000000003,2024-12-06 07:00:00+01:00
2024-12-06 07:00:00+00:00,110.17,117.68,-7.510000000000005,2024-12-06 08:00:00+01:00
2024-12-06 08:00:00+00:00,110.16,120.73,-10.570000000000007,2024-12-06 09:00:00+01:00
2024-12-06 09:00:00+00:00,104.08,111.07,-6.989999999999995,2024-12-06 10:00:00+01:00
2024-12-06 10:00:00+00:00,98.37,105.67,-7.299999999999997,2024-12-06 11:00:00+01:00
2024-12-06 11:00:00+00:00,91.9,94.0,-2.0999999999999943,2024-12-06 12:00:00+01:00
2024-12-06 12:00:00+00:00,100.7,100.7,0.0,2024-12-06 13:00:00+01:00
2024-12-06 13:00:00+00:00,109.0,100.83,8.170000000000002,2024-12-06 14:00:00+01:00
2024-12-06 14:00:00+00:00,116.92,112.0,4.920000000000002,2024-12-06 15:00:00+01:00
2024-12-06 15:00:00+00:00,131.55,129.22,2.3300000000000125,2024-12-06 16:00:00+01:00
2024-12-06 16:00:00+00:00,142.99,143.2,-0.20999999999997954,2024-12-06 17:00:00+01:00
2024-12-06 17:00:00+00:00,151.07,146.85,4.219999999999999,2024-12-06 18:00:00+01:00
2024-12-06 18:00:00+00:00,142.48,133.55,8.929999999999978,2024-12-06 19:00:00+01:00
2024-12-06 19:00:00+00:00,130.0,117.88,12.120000000000005,2024-12-06 20:00:00+01:00
2024-12-06 20:00:00+00:00,119.42,109.15,10.269999999999996,2024-12-06 21:00:00+01:00
2024-12-06 21:00:00+00:00,121.08,97.39,23.689999999999998,2024-12-06 22:00:00+01:00
2024-12-06 22:00:00+00:00,102.14,91.11,11.030000000000001,2024-12-06 23:00:00+01:00
2024-12-06 23:00:00+00:00,86.65,73.45,13.200000000000003,2024-12-07 00:00:00+01:00
2024-12-07 00:00:00+00:00,74.32,71.85,2.469999999999999,2024-12-07 01:00:00+01:00
2024-12-07 01:00:00+00:00,68.0,65.27,2.730000000000004,2024-12-07 02:00:00+01:00
2024-12-07 02:00:00+00:00,63.87,46.5,17.369999999999997,2024-12-07 03:00:00+01:00
2024-12-07 03:00:00+00:00,58.09,34.37,23.720000000000006,2024-12-07 04:00:00+01:00
2024-12-07 04:00:00+00:00,50.16,28.2,21.959999999999997,2024-12-07 05:00:00+01:00
2024-12-07 05:00:00+00:00,39.46,28.85,10.61,2024-12-07 06:00:00+01:00
2024-12-07 06:00:00+00:00,43.28,39.31,3.969999999999999,2024-12-07 07:00:00+01:00
2024-12-07 07:00:00+00:00,58.06,43.22,14.840000000000003,2024-12-07 08:00:00+01:00
2024-12-07 08:00:00+00:00,62.86,42.36,20.5,2024-12-07 09:00:00+01:00
2024-12-07 09:00:00+00:00,64.92,26.0,38.92,2024-12-07 10:00:00+01:00
2024-12-07 10:00:00+00:00,64.92,21.66,43.260000000000005,2024-12-07 11:00:00+01:00
2024-12-07 11:00:00+00:00,68.0,39.72,28.28,2024-12-07 12:00:00+01:00
2024-12-07 12:00:00+00:00,72.84,25.21,47.63,2024-12-07 13:00:00+01:00
2024-12-07 13:00:00+00:00,74.24,17.81,56.42999999999999,2024-12-07 14:00:00+01:00
2024-12-07 14:00:00+00:00,82.5,21.91,60.59,2024-12-07 15:00:00+01:00
2024-12-07 15:00:00+00:00,96.45,32.16,64.29,2024-12-07 16:00:00+01:00
2024-12-07 16:00:00+00:00,96.0,41.9,54.1,2024-12-07 17:00:00+01:00
2024-12-07 17:00:00+00:00,87.92,56.34,31.58,2024-12-07 18:00:00+01:00
2024-12-07 18:00:00+00:00,82.41,62.97,19.439999999999998,2024-12-07 19:00:00+01:00
2024-12-07 19:00:00+00:00,78.92,71.85,7.070000000000007,2024-12-07 20:00:00+01:00
2024-12-07 20:00:00+00:00,85.03,45.51,39.52,2024-12-07 21:00:00+01:00
2024-12-07 21:00:00+00:00,82.5,41.9,40.6,2024-12-07 22:00:00+01:00
2024-12-07 22:00:00+00:00,74.8,35.0,39.8,2024-12-07 23:00:00+01:00
2024-12-07 23:00:00+00:00,93.91,18.64,75.27,2024-12-08 00:00:00+01:00
2024-12-08 00:00:00+00:00,86.83,13.9,72.92999999999999,2024-12-08 01:00:00+01:00
2024-12-08 01:00:00+00:00,86.73,17.14,69.59,2024-12-08 02:00:00+01:00
2024-12-08 02:00:00+00:00,83.95,8.23,75.72,2024-12-08 03:00:00+01:00
2024-12-08 03:00:00+00:00,84.44,5.85,78.59,2024-12-08 04:00:00+01:00
2024-12-08 04:00:00+00:00,91.13,8.08,83.05,2024-12-08 05:00:00+01:00
2024-12-08 05:00:00+00:00,91.25,11.54,79.71000000000001,2024-12-08 06:00:00+01:00
2024-12-08 06:00:00+00:00,91.29,11.35,79.94000000000001,2024-12-08 07:00:00+01:00
2024-12-08 07:00:00+00:00,100.84,19.55,81.29,2024-12-08 08:00:00+01:00
2024-12-08 08:00:00+00:00,109.4,33.99,75.41,2024-12-08 09:00:00+01:00
2024-12-08 09:00:00+00:00,110.84,34.66,76.18,2024-12-08 10:00:00+01:00
2024-12-08 10:00:00+00:00,117.39,34.15,83.24000000000001,2024-12-08 11:00:00+01:00
2024-12-08 11:00:00+00:00,118.36,47.33,71.03,2024-12-08 12:00:00+01:00
2024-12-08 12:00:00+00:00,116.74,47.9,68.84,2024-12-08 13:00:00+01:00
2024-12-08 13:00:00+00:00,111.91,28.32,83.59,2024-12-08 14:00:00+01:00
2024-12-08 14:00:00+00:00,121.38,38.77,82.60999999999999,2024-12-08 15:00:00+01:00
2024-12-08 15:00:00+00:00,105.94,32.61,73.33,2024-12-08 16:00:00+01:00
2024-12-08 16:00:00+00:00,113.61,55.4,58.21,2024-12-08 17:00:00+01:00
2024-12-08 17:00:00+00:00,98.55,74.97,23.58,2024-12-08 18:00:00+01:00
2024-12-08 18:00:00+00:00,97.69,72.5,25.189999999999998,2024-12-08 19:00:00+01:00
2024-12-08 19:00:00+00:00,91.29,71.68,19.61,2024-12-08 20:00:00+01:00
2024-12-08 20:00:00+00:00,90.56,72.4,18.159999999999997,2024-12-08 21:00:00+01:00
2024-12-08 21:00:00+00:00,88.6,68.5,20.099999999999994,2024-12-08 22:00:00+01:00
2024-12-08 22:00:00+00:00,75.01,65.23,9.780000000000001,2024-12-08 23:00:00+01:00
2024-12-08 23:00:00+00:00,71.36,55.0,16.36,2024-12-09 00:00:00+01:00
2024-12-09 00:00:00+00:00,55.83,37.55,18.28,2024-12-09 01:00:00+01:00
2024-12-09 01:00:00+00:00,35.13,31.82,3.3100000000000023,2024-12-09 02:00:00+01:00
2024-12-09 02:00:00+00:00,34.4,13.99,20.409999999999997,2024-12-09 03:00:00+01:00
2024-12-09 03:00:00+00:00,40.01,5.43,34.58,2024-12-09 04:00:00+01:00
2024-12-09 04:00:00+00:00,72.24,25.95,46.28999999999999,2024-12-09 05:00:00+01:00
2024-12-09 05:00:00+00:00,79.4,67.44,11.960000000000008,2024-12-09 06:00:00+01:00
2024-12-09 06:00:00+00:00,113.34,111.16,2.180000000000007,2024-12-09 07:00:00+01:00
2024-12-09 07:00:00+00:00,122.54,122.98,-0.4399999999999977,2024-12-09 08:00:00+01:00
2024-12-09 08:00:00+00:00,123.12,120.6,2.5200000000000102,2024-12-09 09:00:00+01:00
2024-12-09 09:00:00+00:00,129.81,116.02,13.790000000000006,2024-12-09 10:00:00+01:00
2024-12-09 10:00:00+00:00,128.7,109.93,18.769999999999982,2024-12-09 11:00:00+01:00
2024-12-09 11:00:00+00:00,128.32,107.62,20.69999999999999,2024-12-09 12:00:00+01:00
2024-12-09 12:00:00+00:00,124.51,86.53,37.980000000000004,2024-12-09 13:00:00+01:00
2024-12-09 13:00:00+00:00,121.35,83.89,37.459999999999994,2024-12-09 14:00:00+01:00
2024-12-09 14:00:00+00:00,116.83,107.5,9.329999999999998,2024-12-09 15:00:00+01:00
2024-12-09 15:00:00+00:00,116.08,112.66,3.4200000000000017,2024-12-09 16:00:00+01:00
2024-12-09 16:00:00+00:00,120.57,125.34,-4.77000000000001,2024-12-09 17:00:00+01:00
2024-12-09 17:00:00+00:00,123.69,132.06,-8.370000000000005,2024-12-09 18:00:00+01:00
2024-12-09 18:00:00+00:00,125.76,130.0,-4.239999999999995,2024-12-09 19:00:00+01:00
2024-12-09 19:00:00+00:00,114.97,120.66,-5.689999999999998,2024-12-09 20:00:00+01:00
2024-12-09 20:00:00+00:00,100.98,105.04,-4.060000000000002,2024-12-09 21:00:00+01:00
2024-12-09 21:00:00+00:00,98.48,103.07,-4.589999999999989,2024-12-09 22:00:00+01:00
2024-12-09 22:00:00+00:00,92.77,94.93,-2.160000000000011,2024-12-09 23:00:00+01:00
2024-12-09 23:00:00+00:00,92.85,97.22,-4.3700000000000045,2024-12-10 00:00:00+01:00
2024-12-10 00:00:00+00:00,89.33,91.3,-1.9699999999999989,2024-12-10 01:00:00+01:00
2024-12-10 01:00:00+00:00,86.5,88.06,-1.5600000000000023,2024-12-10 02:00:00+01:00
2024-12-10 02:00:00+00:00,83.7,85.0,-1.2999999999999972,2024-12-10 03:00:00+01:00
2024-12-10 03:00:00+00:00,87.21,87.7,-0.4900000000000091,2024-12-10 04:00:00+01:00
2024-12-10 04:00:00+00:00,89.07,89.93,-0.8600000000000136,2024-12-10 05:00:00+01:00
2024-12-10 05:00:00+00:00,112.06,111.73,0.3299999999999983,2024-12-10 06:00:00+01:00
2024-12-10 06:00:00+00:00,135.18,130.65,4.530000000000001,2024-12-10 07:00:00+01:00
2024-12-10 07:00:00+00:00,169.76,150.32,19.439999999999998,2024-12-10 08:00:00+01:00
2024-12-10 08:00:00+00:00,182.14,142.18,39.95999999999998,2024-12-10 09:00:00+01:00
2024-12-10 09:00:00+00:00,184.75,132.77,51.97999999999999,2024-12-10 10:00:00+01:00
2024-12-10 10:00:00+00:00,186.5,119.0,67.5,2024-12-10 11:00:00+01:00
2024-12-10 11:00:00+00:00,180.62,117.35,63.27000000000001,2024-12-10 12:00:00+01:00
2024-12-10 12:00:00+00:00,190.78,115.21,75.57000000000001,2024-12-10 13:00:00+01:00
2024-12-10 13:00:00+00:00,189.41,120.72,68.69,2024-12-10 14:00:00+01:00
2024-12-10 14:00:00+00:00,197.64,131.0,66.63999999999999,2024-12-10 15:00:00+01:00
2024-12-10 15:00:00+00:00,200.18,145.01,55.170000000000016,2024-12-10 16:00:00+01:00
2024-12-10 16:00:00+00:00,202.38,160.6,41.78,2024-12-10 17:00:00+01:00
2024-12-10 17:00:00+00:00,181.0,181.0,0.0,2024-12-10 18:00:00+01:00
2024-12-10 18:00:00+00:00,180.17,178.28,1.8899999999999864,2024-12-10 19:00:00+01:00
2024-12-10 19:00:00+00:00,166.6,157.99,8.609999999999985,2024-12-10 20:00:00+01:00
2024-12-10 20:00:00+00:00,151.15,140.51,10.640000000000015,2024-12-10 21:00:00+01:00
2024-12-10 21:00:00+00:00,137.94,134.22,3.719999999999999,2024-12-10 22:00:00+01:00
2024-12-10 22:00:00+00:00,121.37,121.37,0.0,2024-12-10 23:00:00+01:00
2024-12-10 23:00:00+00:00,115.94,109.44,6.5,2024-12-11 00:00:00+01:00
2024-12-11 00:00:00+00:00,108.22,105.7,2.519999999999996,2024-12-11 01:00:00+01:00
2024-12-11 01:00:00+00:00,107.31,104.17,3.1400000000000006,2024-12-11 02:00:00+01:00
2024-12-11 02:00:00+00:00,106.17,102.62,3.549999999999997,2024-12-11 03:00:00+01:00
2024-12-11 03:00:00+00:00,108.69,100.85,7.840000000000003,2024-12-11 04:00:00+01:00
2024-12-11 04:00:00+00:00,125.31,114.16,11.150000000000006,2024-12-11 05:00:00+01:00
2024-12-11 05:00:00+00:00,163.42,123.45,39.969999999999985,2024-12-11 06:00:00+01:00
2024-12-11 06:00:00+00:00,295.5,155.64,139.86,2024-12-11 07:00:00+01:00
2024-12-11 07:00:00+00:00,368.97,206.85,162.12000000000003,2024-12-11 08:00:00+01:00
2024-12-11 08:00:00+00:00,377.12,218.42,158.70000000000002,2024-12-11 09:00:00+01:00
2024-12-11 09:00:00+00:00,348.64,160.15,188.48999999999998,2024-12-11 10:00:00+01:00
2024-12-11 10:00:00+00:00,379.99,147.83,232.16,2024-12-11 11:00:00+01:00
2024-12-11 11:00:00+00:00,385.87,149.99,235.88,2024-12-11 12:00:00+01:00
2024-12-11 12:00:00+00:00,404.91,138.65,266.26,2024-12-11 13:00:00+01:00
2024-12-11 13:00:00+00:00,371.96,142.05,229.90999999999997,2024-12-11 14:00:00+01:00
2024-12-11 14:00:00+00:00,380.94,185.04,195.9,2024-12-11 15:00:00+01:00
2024-12-11 15:00:00+00:00,437.87,237.94,199.93,2024-12-11 16:00:00+01:00
2024-12-11 16:00:00+00:00,445.08,274.0,171.07999999999998,2024-12-11 17:00:00+01:00
2024-12-11 17:00:00+00:00,359.92,276.0,83.92000000000002,2024-12-11 18:00:00+01:00
2024-12-11 18:00:00+00:00,341.25,255.0,86.25,2024-12-11 19:00:00+01:00
2024-12-11 19:00:00+00:00,206.82,179.07,27.75,2024-12-11 20:00:00+01:00
2024-12-11 20:00:00+00:00,171.2,165.2,6.0,2024-12-11 21:00:00+01:00
2024-12-11 21:00:00+00:00,150.0,150.0,0.0,2024-12-11 22:00:00+01:00
2024-12-11 22:00:00+00:00,135.96,136.1,-0.13999999999998636,2024-12-11 23:00:00+01:00
2024-12-11 23:00:00+00:00,122.24,122.24,0.0,2024-12-12 00:00:00+01:00
2024-12-12 00:00:00+00:00,115.3,115.3,0.0,2024-12-12 01:00:00+01:00
2024-12-12 01:00:00+00:00,109.96,109.96,0.0,2024-12-12 02:00:00+01:00
2024-12-12 02:00:00+00:00,107.35,107.35,0.0,2024-12-12 03:00:00+01:00
2024-12-12 03:00:00+00:00,112.51,112.51,0.0,2024-12-12 04:00:00+01:00
2024-12-12 04:00:00+00:00,123.67,120.92,2.75,2024-12-12 05:00:00+01:00
2024-12-12 05:00:00+00:00,176.18,137.51,38.670000000000016,2024-12-12 06:00:00+01:00
2024-12-12 06:00:00+00:00,599.99,187.96,412.03,2024-12-12 07:00:00+01:00
2024-12-12 07:00:00+00:00,655.6,249.96,405.64,2024-12-12 08:00:00+01:00
2024-12-12 08:00:00+00:00,646.76,215.0,431.76,2024-12-12 09:00:00+01:00
2024-12-12 09:00:00+00:00,543.83,166.95,376.88000000000005,2024-12-12 10:00:00+01:00
2024-12-12 10:00:00+00:00,465.36,179.0,286.36,2024-12-12 11:00:00+01:00
2024-12-12 11:00:00+00:00,404.99,167.39,237.60000000000002,2024-12-12 12:00:00+01:00
2024-12-12 12:00:00+00:00,415.3,154.5,260.8,2024-12-12 13:00:00+01:00
2024-12-12 13:00:00+00:00,490.34,154.5,335.84,2024-12-12 14:00:00+01:00
2024-12-12 14:00:00+00:00,668.49,160.4,508.09000000000003,2024-12-12 15:00:00+01:00
2024-12-12 15:00:00+00:00,818.98,220.0,598.98,2024-12-12 16:00:00+01:00
2024-12-12 16:00:00+00:00,936.28,275.0,661.28,2024-12-12 17:00:00+01:00
2024-12-12 17:00:00+00:00,674.18,277.0,397.17999999999995,2024-12-12 18:00:00+01:00
2024-12-12 18:00:00+00:00,551.01,260.98,290.03,2024-12-12 19:00:00+01:00
2024-12-12 19:00:00+00:00,295.66,206.44,89.22000000000003,2024-12-12 20:00:00+01:00
2024-12-12 20:00:00+00:00,169.4,169.4,0.0,2024-12-12 21:00:00+01:00
2024-12-12 21:00:00+00:00,150.0,150.0,0.0,2024-12-12 22:00:00+01:00
2024-12-12 22:00:00+00:00,134.75,134.75,0.0,2024-12-12 23:00:00+01:00
2024-12-12 23:00:00+00:00,130.07,130.07,0.0,2024-12-13 00:00:00+01:00
2024-12-13 00:00:00+00:00,122.9,122.9,0.0,2024-12-13 01:00:00+01:00
2024-12-13 01:00:00+00:00,118.97,118.97,0.0,2024-12-13 02:00:00+01:00
2024-12-13 02:00:00+00:00,114.95,114.95,0.0,2024-12-13 03:00:00+01:00
2024-12-13 03:00:00+00:00,115.64,115.64,0.0,2024-12-13 04:00:00+01:00
2024-12-13 04:00:00+00:00,125.83,123.96,1.8700000000000045,2024-12-13 05:00:00+01:00
2024-12-13 05:00:00+00:00,156.53,138.0,18.53,2024-12-13 06:00:00+01:00
2024-12-13 06:00:00+00:00,187.71,185.37,2.3400000000000034,2024-12-13 07:00:00+01:00
2024-12-13 07:00:00+00:00,253.0,253.0,0.0,2024-12-13 08:00:00+01:00
2024-12-13 08:00:00+00:00,245.74,245.74,0.0,2024-12-13 09:00:00+01:00
2024-12-13 09:00:00+00:00,208.42,208.42,0.0,2024-12-13 10:00:00+01:00
2024-12-13 10:00:00+00:00,174.4,173.78,0.6200000000000045,2024-12-13 11:00:00+01:00
2024-12-13 11:00:00+00:00,166.06,165.6,0.46000000000000796,2024-12-13 12:00:00+01:00
2024-12-13 12:00:00+00:00,165.0,165.0,0.0,2024-12-13 13:00:00+01:00
2024-12-13 13:00:00+00:00,184.5,184.5,0.0,2024-12-13 14:00:00+01:00
2024-12-13 14:00:00+00:00,220.77,210.0,10.77000000000001,2024-12-13 15:00:00+01:00
2024-12-13 15:00:00+00:00,250.06,241.91,8.150000000000006,2024-12-13 16:00:00+01:00
2024-12-13 16:00:00+00:00,284.21,284.21,0.0,2024-12-13 17:00:00+01:00
2024-12-13 17:00:00+00:00,260.0,260.0,0.0,2024-12-13 18:00:00+01:00
2024-12-13 18:00:00+00:00,225.6,225.6,0.0,2024-12-13 19:00:00+01:00
2024-12-13 19:00:00+00:00,175.0,175.0,0.0,2024-12-13 20:00:00+01:00
2024-12-13 20:00:00+00:00,146.22,146.22,0.0,2024-12-13 21:00:00+01:00
2024-12-13 21:00:00+00:00,135.09,135.09,0.0,2024-12-13 22:00:00+01:00
2024-12-13 22:00:00+00:00,116.52,116.52,0.0,2024-12-13 23:00:00+01:00
2024-12-13 23:00:00+00:00,116.94,116.94,0.0,2024-12-14 00:00:00+01:00
2024-12-14 00:00:00+00:00,111.36,111.36,0.0,2024-12-14 01:00:00+01:00
2024-12-14 01:00:00+00:00,108.04,108.04,0.0,2024-12-14 02:00:00+01:00
2024-12-14 02:00:00+00:00,99.02,99.02,0.0,2024-12-14 03:00:00+01:00
2024-12-14 03:00:00+00:00,93.44,93.44,0.0,2024-12-14 04:00:00+01:00
2024-12-14 04:00:00+00:00,91.55,91.55,0.0,2024-12-14 05:00:00+01:00
2024-12-14 05:00:00+00:00,92.35,94.09,-1.740000000000009,2024-12-14 06:00:00+01:00
2024-12-14 06:00:00+00:00,101.67,103.76,-2.0900000000000034,2024-12-14 07:00:00+01:00
2024-12-14 07:00:00+00:00,113.75,114.77,-1.019999999999996,2024-12-14 08:00:00+01:00
2024-12-14 08:00:00+00:00,124.98,125.69,-0.7099999999999937,2024-12-14 09:00:00+01:00
2024-12-14 09:00:00+00:00,120.93,122.0,-1.0699999999999932,2024-12-14 10:00:00+01:00
2024-12-14 10:00:00+00:00,107.48,110.43,-2.950000000000003,2024-12-14 11:00:00+01:00
2024-12-14 11:00:00+00:00,104.71,109.73,-5.02000000000001,2024-12-14 12:00:00+01:00
2024-12-14 12:00:00+00:00,102.96,107.95,-4.990000000000009,2024-12-14 13:00:00+01:00
2024-12-14 13:00:00+00:00,96.63,104.07,-7.439999999999998,2024-12-14 14:00:00+01:00
2024-12-14 14:00:00+00:00,98.24,104.58,-6.340000000000003,2024-12-14 15:00:00+01:00
2024-12-14 15:00:00+00:00,105.67,112.29,-6.6200000000000045,2024-12-14 16:00:00+01:00
2024-12-14 16:00:00+00:00,121.12,125.06,-3.9399999999999977,2024-12-14 17:00:00+01:00
2024-12-14 17:00:00+00:00,93.15,124.62,-31.47,2024-12-14 18:00:00+01:00
2024-12-14 18:00:00+00:00,95.6,124.61,-29.010000000000005,2024-12-14 19:00:00+01:00
2024-12-14 19:00:00+00:00,86.01,109.17,-23.159999999999997,2024-12-14 20:00:00+01:00
2024-12-14 20:00:00+00:00,82.78,103.0,-20.22,2024-12-14 21:00:00+01:00
2024-12-14 21:00:00+00:00,87.25,110.11,-22.86,2024-12-14 22:00:00+01:00
2024-12-14 22:00:00+00:00,73.81,101.01,-27.200000000000003,2024-12-14 23:00:00+01:00
2024-12-14 23:00:00+00:00,73.58,86.56,-12.980000000000004,2024-12-15 00:00:00+01:00
2024-12-15 00:00:00+00:00,68.48,77.5,-9.019999999999996,2024-12-15 01:00:00+01:00
2024-12-15 01:00:00+00:00,67.61,73.5,-5.890000000000001,2024-12-15 02:00:00+01:00
2024-12-15 02:00:00+00:00,59.39,65.25,-5.859999999999999,2024-12-15 03:00:00+01:00
2024-12-15 03:00:00+00:00,55.33,57.57,-2.240000000000002,2024-12-15 04:00:00+01:00
2024-12-15 04:00:00+00:00,52.74,56.13,-3.3900000000000006,2024-12-15 05:00:00+01:00
2024-12-15 05:00:00+00:00,45.62,50.68,-5.060000000000002,2024-12-15 06:00:00+01:00
2024-12-15 06:00:00+00:00,53.92,60.44,-6.519999999999996,2024-12-15 07:00:00+01:00
2024-12-15 07:00:00+00:00,65.3,69.13,-3.8299999999999983,2024-12-15 08:00:00+01:00
2024-12-15 08:00:00+00:00,70.65,78.12,-7.469999999999999,2024-12-15 09:00:00+01:00
2024-12-15 09:00:00+00:00,65.26,74.57,-9.309999999999988,2024-12-15 10:00:00+01:00
2024-12-15 10:00:00+00:00,60.9,72.69,-11.79,2024-12-15 11:00:00+01:00
2024-12-15 11:00:00+00:00,61.5,77.87,-16.370000000000005,2024-12-15 12:00:00+01:00
2024-12-15 12:00:00+00:00,47.51,75.82,-28.309999999999995,2024-12-15 13:00:00+01:00
2024-12-15 13:00:00+00:00,49.47,71.89,-22.42,2024-12-15 14:00:00+01:00
2024-12-15 14:00:00+00:00,47.92,70.47,-22.549999999999997,2024-12-15 15:00:00+01:00
2024-12-15 15:00:00+00:00,38.0,82.3,-44.3,2024-12-15 16:00:00+01:00
2024-12-15 16:00:00+00:00,43.42,93.13,-49.709999999999994,2024-12-15 17:00:00+01:00
2024-12-15 17:00:00+00:00,28.33,104.94,-76.61,2024-12-15 18:00:00+01:00
2024-12-15 18:00:00+00:00,24.55,99.43,-74.88000000000001,2024-12-15 19:00:00+01:00
2024-12-15 19:00:00+00:00,18.55,73.59,-55.040000000000006,2024-12-15 20:00:00+01:00
2024-12-15 20:00:00+00:00,13.96,72.61,-58.65,2024-12-15 21:00:00+01:00
2024-12-15 21:00:00+00:00,10.08,73.2,-63.120000000000005,2024-12-15 22:00:00+01:00
2024-12-15 22:00:00+00:00,2.29,46.61,-44.32,2024-12-15 23:00:00+01:00
2024-12-15 23:00:00+00:00,0.09,13.09,-13.0,2024-12-16 00:00:00+01:00
2024-12-16 00:00:00+00:00,0.1,14.58,-14.48,2024-12-16 01:00:00+01:00
2024-12-16 01:00:00+00:00,0.05,15.96,-15.91,2024-12-16 02:00:00+01:00
2024-12-16 02:00:00+00:00,0.07,9.76,-9.69,2024-12-16 03:00:00+01:00
2024-12-16 03:00:00+00:00,-0.01,9.64,-9.65,2024-12-16 04:00:00+01:00
2024-12-16 04:00:00+00:00,1.75,15.15,-13.4,2024-12-16 05:00:00+01:00
2024-12-16 05:00:00+00:00,7.73,31.28,-23.55,2024-12-16 06:00:00+01:00
2024-12-16 06:00:00+00:00,59.3,92.57,-33.269999999999996,2024-12-16 07:00:00+01:00
2024-12-16 07:00:00+00:00,71.79,102.45,-30.659999999999997,2024-12-16 08:00:00+01:00
2024-12-16 08:00:00+00:00,75.91,109.71,-33.8,2024-12-16 09:00:00+01:00
2024-12-16 09:00:00+00:00,75.46,105.47,-30.010000000000005,2024-12-16 10:00:00+01:00
2024-12-16 10:00:00+00:00,80.13,97.14,-17.010000000000005,2024-12-16 11:00:00+01:00
2024-12-16 11:00:00+00:00,85.22,95.15,-9.930000000000007,2024-12-16 12:00:00+01:00
2024-12-16 12:00:00+00:00,81.7,89.88,-8.179999999999993,2024-12-16 13:00:00+01:00
2024-12-16 13:00:00+00:00,81.7,88.34,-6.640000000000001,2024-12-16 14:00:00+01:00
2024-12-16 14:00:00+00:00,81.7,99.87,-18.17,2024-12-16 15:00:00+01:00
2024-12-16 15:00:00+00:00,74.0,106.11,-32.11,2024-12-16 16:00:00+01:00
2024-12-16 16:00:00+00:00,81.56,109.35,-27.789999999999992,2024-12-16 17:00:00+01:00
2024-12-16 17:00:00+00:00,72.01,118.02,-46.00999999999999,2024-12-16 18:00:00+01:00
2024-12-16 18:00:00+00:00,70.94,117.25,-46.31,2024-12-16 19:00:00+01:00
2024-12-16 19:00:00+00:00,61.5,106.64,-45.14,2024-12-16 20:00:00+01:00
2024-12-16 20:00:00+00:00,44.41,96.02,-51.61,2024-12-16 21:00:00+01:00
2024-12-16 21:00:00+00:00,44.4,104.65,-60.25000000000001,2024-12-16 22:00:00+01:00
2024-12-16 22:00:00+00:00,16.59,88.52,-71.92999999999999,2024-12-16 23:00:00+01:00
2024-12-16 23:00:00+00:00,37.45,52.45,-15.0,2024-12-17 00:00:00+01:00
2024-12-17 00:00:00+00:00,21.57,56.82,-35.25,2024-12-17 01:00:00+01:00
2024-12-17 01:00:00+00:00,20.94,52.13,-31.19,2024-12-17 02:00:00+01:00
2024-12-17 02:00:00+00:00,25.01,41.47,-16.459999999999997,2024-12-17 03:00:00+01:00
2024-12-17 03:00:00+00:00,28.98,54.91,-25.929999999999996,2024-12-17 04:00:00+01:00
2024-12-17 04:00:00+00:00,57.27,63.75,-6.479999999999997,2024-12-17 05:00:00+01:00
2024-12-17 05:00:00+00:00,67.77,89.92,-22.150000000000006,2024-12-17 06:00:00+01:00
2024-12-17 06:00:00+00:00,104.94,109.93,-4.990000000000009,2024-12-17 07:00:00+01:00
2024-12-17 07:00:00+00:00,115.92,117.76,-1.8400000000000034,2024-12-17 08:00:00+01:00
2024-12-17 08:00:00+00:00,114.04,119.08,-5.039999999999992,2024-12-17 09:00:00+01:00
2024-12-17 09:00:00+00:00,108.4,109.46,-1.059999999999988,2024-12-17 10:00:00+01:00
2024-12-17 10:00:00+00:00,102.38,102.64,-0.2600000000000051,2024-12-17 11:00:00+01:00
2024-12-17 11:00:00+00:00,102.72,102.91,-0.18999999999999773,2024-12-17 12:00:00+01:00
2024-12-17 12:00:00+00:00,106.2,106.43,-0.23000000000000398,2024-12-17 13:00:00+01:00
2024-12-17 13:00:00+00:00,109.63,109.93,-0.30000000000001137,2024-12-17 14:00:00+01:00
2024-12-17 14:00:00+00:00,116.42,113.61,2.8100000000000023,2024-12-17 15:00:00+01:00
2024-12-17 15:00:00+00:00,117.1,111.9,5.199999999999989,2024-12-17 16:00:00+01:00
2024-12-17 16:00:00+00:00,127.33,124.88,2.450000000000003,2024-12-17 17:00:00+01:00
2024-12-17 17:00:00+00:00,121.6,123.8,-2.200000000000003,2024-12-17 18:00:00+01:00
2024-12-17 18:00:00+00:00,108.1,110.45,-2.3500000000000085,2024-12-17 19:00:00+01:00
2024-12-17 19:00:00+00:00,98.51,101.87,-3.3599999999999994,2024-12-17 20:00:00+01:00
2024-12-17 20:00:00+00:00,95.84,94.8,1.0400000000000063,2024-12-17 21:00:00+01:00
2024-12-17 21:00:00+00:00,92.44,90.57,1.8700000000000045,2024-12-17 22:00:00+01:00
2024-12-17 22:00:00+00:00,70.66,73.83,-3.1700000000000017,2024-12-17 23:00:00+01:00
2024-12-17 23:00:00+00:00,69.18,66.97,2.210000000000008,2024-12-18 00:00:00+01:00
2024-12-18 00:00:00+00:00,52.31,50.51,1.8000000000000043,2024-12-18 01:00:00+01:00
2024-12-18 01:00:00+00:00,48.41,29.12,19.289999999999996,2024-12-18 02:00:00+01:00
2024-12-18 02:00:00+00:00,45.0,18.53,26.47,2024-12-18 03:00:00+01:00
2024-12-18 03:00:00+00:00,30.25,7.01,23.240000000000002,2024-12-18 04:00:00+01:00
2024-12-18 04:00:00+00:00,38.0,11.98,26.02,2024-12-18 05:00:00+01:00
2024-12-18 05:00:00+00:00,49.91,49.91,0.0,2024-12-18 06:00:00+01:00
2024-12-18 06:00:00+00:00,57.9,67.43,-9.530000000000008,2024-12-18 07:00:00+01:00
2024-12-18 07:00:00+00:00,77.58,81.13,-3.549999999999997,2024-12-18 08:00:00+01:00
2024-12-18 08:00:00+00:00,72.82,80.43,-7.610000000000014,2024-12-18 09:00:00+01:00
2024-12-18 09:00:00+00:00,65.99,70.2,-4.210000000000008,2024-12-18 10:00:00+01:00
2024-12-18 10:00:00+00:00,63.08,69.29,-6.210000000000008,2024-12-18 11:00:00+01:00
2024-12-18 11:00:00+00:00,63.07,69.77,-6.699999999999996,2024-12-18 12:00:00+01:00
2024-12-18 12:00:00+00:00,63.08,68.69,-5.609999999999999,2024-12-18 13:00:00+01:00
2024-12-18 13:00:00+00:00,63.08,71.56,-8.480000000000004,2024-12-18 14:00:00+01:00
2024-12-18 14:00:00+00:00,55.63,71.14,-15.509999999999998,2024-12-18 15:00:00+01:00
2024-12-18 15:00:00+00:00,46.81,68.38,-21.569999999999993,2024-12-18 16:00:00+01:00
2024-12-18 16:00:00+00:00,57.9,79.49,-21.589999999999996,2024-12-18 17:00:00+01:00
2024-12-18 17:00:00+00:00,63.08,80.91,-17.83,2024-12-18 18:00:00+01:00
2024-12-18 18:00:00+00:00,63.08,79.35,-16.269999999999996,2024-12-18 19:00:00+01:00
2024-12-18 19:00:00+00:00,57.9,72.26,-14.360000000000007,2024-12-18 20:00:00+01:00
2024-12-18 20:00:00+00:00,50.69,61.71,-11.020000000000003,2024-12-18 21:00:00+01:00
2024-12-18 21:00:00+00:00,43.14,52.22,-9.079999999999998,2024-12-18 22:00:00+01:00
2024-12-18 22:00:00+00:00,21.44,31.69,-10.25,2024-12-18 23:00:00+01:00
2024-12-18 23:00:00+00:00,11.28,19.8,-8.520000000000001,2024-12-19 00:00:00+01:00
2024-12-19 00:00:00+00:00,13.23,20.28,-7.050000000000001,2024-12-19 01:00:00+01:00
2024-12-19 01:00:00+00:00,5.45,9.93,-4.4799999999999995,2024-12-19 02:00:00+01:00
2024-12-19 02:00:00+00:00,1.25,5.98,-4.73,2024-12-19 03:00:00+01:00
2024-12-19 03:00:00+00:00,0.31,3.95,-3.64,2024-12-19 04:00:00+01:00
2024-12-19 04:00:00+00:00,2.0,6.39,-4.39,2024-12-19 05:00:00+01:00
2024-12-19 05:00:00+00:00,8.57,12.5,-3.9299999999999997,2024-12-19 06:00:00+01:00
2024-12-19 06:00:00+00:00,53.95,63.54,-9.589999999999996,2024-12-19 07:00:00+01:00
2024-12-19 07:00:00+00:00,67.44,79.71,-12.269999999999996,2024-12-19 08:00:00+01:00
2024-12-19 08:00:00+00:00,68.42,89.38,-20.959999999999994,2024-12-19 09:00:00+01:00
2024-12-19 09:00:00+00:00,65.84,79.46,-13.61999999999999,2024-12-19 10:00:00+01:00
2024-12-19 10:00:00+00:00,67.7,76.96,-9.259999999999991,2024-12-19 11:00:00+01:00
2024-12-19 11:00:00+00:00,69.72,74.16,-4.439999999999998,2024-12-19 12:00:00+01:00
2024-12-19 12:00:00+00:00,70.4,70.4,0.0,2024-12-19 13:00:00+01:00
2024-12-19 13:00:00+00:00,69.72,60.38,9.339999999999996,2024-12-19 14:00:00+01:00
2024-12-19 14:00:00+00:00,70.47,61.2,9.269999999999996,2024-12-19 15:00:00+01:00
2024-12-19 15:00:00+00:00,71.46,83.17,-11.710000000000008,2024-12-19 16:00:00+01:00
2024-12-19 16:00:00+00:00,81.52,100.79,-19.27000000000001,2024-12-19 17:00:00+01:00
2024-12-19 17:00:00+00:00,92.58,105.26,-12.680000000000007,2024-12-19 18:00:00+01:00
2024-12-19 18:00:00+00:00,87.36,94.02,-6.659999999999997,2024-12-19 19:00:00+01:00
2024-12-19 19:00:00+00:00,75.37,82.89,-7.519999999999996,2024-12-19 20:00:00+01:00
2024-12-19 20:00:00+00:00,70.0,77.71,-7.709999999999994,2024-12-19 21:00:00+01:00
2024-12-19 21:00:00+00:00,69.72,75.92,-6.200000000000003,2024-12-19 22:00:00+01:00
2024-12-19 22:00:00+00:00,55.01,60.84,-5.830000000000005,2024-12-19 23:00:00+01:00
2024-12-19 23:00:00+00:00,47.72,51.55,-3.8299999999999983,2024-12-20 00:00:00+01:00
2024-12-20 00:00:00+00:00,31.48,34.79,-3.3099999999999987,2024-12-20 01:00:00+01:00
2024-12-20 01:00:00+00:00,16.31,25.97,-9.66,2024-12-20 02:00:00+01:00
2024-12-20 02:00:00+00:00,17.43,20.15,-2.719999999999999,2024-12-20 03:00:00+01:00
2024-12-20 03:00:00+00:00,22.82,25.89,-3.0700000000000003,2024-12-20 04:00:00+01:00
2024-12-20 04:00:00+00:00,48.49,50.79,-2.299999999999997,2024-12-20 05:00:00+01:00
2024-12-20 05:00:00+00:00,66.15,73.76,-7.609999999999999,2024-12-20 06:00:00+01:00
2024-12-20 06:00:00+00:00,102.4,109.0,-6.599999999999994,2024-12-20 07:00:00+01:00
2024-12-20 07:00:00+00:00,109.72,124.91,-15.189999999999998,2024-12-20 08:00:00+01:00
2024-12-20 08:00:00+00:00,106.65,118.09,-11.439999999999998,2024-12-20 09:00:00+01:00
2024-12-20 09:00:00+00:00,103.14,108.92,-5.780000000000001,2024-12-20 10:00:00+01:00
2024-12-20 10:00:00+00:00,97.44,99.27,-1.8299999999999983,2024-12-20 11:00:00+01:00
2024-12-20 11:00:00+00:00,87.56,89.37,-1.8100000000000023,2024-12-20 12:00:00+01:00
2024-12-20 12:00:00+00:00,83.84,85.81,-1.9699999999999989,2024-12-20 13:00:00+01:00
2024-12-20 13:00:00+00:00,88.03,90.63,-2.5999999999999943,2024-12-20 14:00:00+01:00
2024-12-20 14:00:00+00:00,98.67,101.19,-2.519999999999996,2024-12-20 15:00:00+01:00
2024-12-20 15:00:00+00:00,105.24,106.78,-1.5400000000000063,2024-12-20 16:00:00+01:00
2024-12-20 16:00:00+00:00,109.89,111.01,-1.1200000000000045,2024-12-20 17:00:00+01:00
2024-12-20 17:00:00+00:00,101.18,103.37,-2.1899999999999977,2024-12-20 18:00:00+01:00
2024-12-20 18:00:00+00:00,98.65,101.1,-2.4499999999999886,2024-12-20 19:00:00+01:00
2024-12-20 19:00:00+00:00,89.73,92.13,-2.3999999999999915,2024-12-20 20:00:00+01:00
2024-12-20 20:00:00+00:00,71.82,74.21,-2.3900000000000006,2024-12-20 21:00:00+01:00
2024-12-20 21:00:00+00:00,70.34,70.67,-0.3299999999999983,2024-12-20 22:00:00+01:00
2024-12-20 22:00:00+00:00,58.26,58.5,-0.240000000000002,2024-12-20 23:00:00+01:00
2024-12-20 23:00:00+00:00,27.75,31.08,-3.3299999999999983,2024-12-21 00:00:00+01:00
2024-12-21 00:00:00+00:00,22.75,25.28,-2.530000000000001,2024-12-21 01:00:00+01:00
2024-12-21 01:00:00+00:00,21.56,23.92,-2.360000000000003,2024-12-21 02:00:00+01:00
2024-12-21 02:00:00+00:00,19.41,19.41,0.0,2024-12-21 03:00:00+01:00
2024-12-21 03:00:00+00:00,18.11,18.11,0.0,2024-12-21 04:00:00+01:00
2024-12-21 04:00:00+00:00,20.04,24.0,-3.960000000000001,2024-12-21 05:00:00+01:00
2024-12-21 05:00:00+00:00,20.0,32.02,-12.020000000000003,2024-12-21 06:00:00+01:00
2024-12-21 06:00:00+00:00,21.21,33.27,-12.060000000000002,2024-12-21 07:00:00+01:00
2024-12-21 07:00:00+00:00,22.87,37.69,-14.819999999999997,2024-12-21 08:00:00+01:00
2024-12-21 08:00:00+00:00,29.33,43.55,-14.219999999999999,2024-12-21 09:00:00+01:00
2024-12-21 09:00:00+00:00,31.43,43.65,-12.219999999999999,2024-12-21 10:00:00+01:00
2024-12-21 10:00:00+00:00,31.01,37.01,-5.9999999999999964,2024-12-21 11:00:00+01:00
2024-12-21 11:00:00+00:00,31.23,36.09,-4.860000000000003,2024-12-21 12:00:00+01:00
2024-12-21 12:00:00+00:00,29.9,35.78,-5.880000000000003,2024-12-21 13:00:00+01:00
2024-12-21 13:00:00+00:00,25.92,35.07,-9.149999999999999,2024-12-21 14:00:00+01:00
2024-12-21 14:00:00+00:00,27.28,38.98,-11.699999999999996,2024-12-21 15:00:00+01:00
2024-12-21 15:00:00+00:00,29.31,39.46,-10.150000000000002,2024-12-21 16:00:00+01:00
2024-12-21 16:00:00+00:00,29.27,46.35,-17.080000000000002,2024-12-21 17:00:00+01:00
2024-12-21 17:00:00+00:00,27.95,50.19,-22.24,2024-12-21 18:00:00+01:00
2024-12-21 18:00:00+00:00,20.73,44.29,-23.56,2024-12-21 19:00:00+01:00
2024-12-21 19:00:00+00:00,15.3,31.85,-16.55,2024-12-21 20:00:00+01:00
2024-12-21 20:00:00+00:00,4.9,18.61,-13.709999999999999,2024-12-21 21:00:00+01:00
2024-12-21 21:00:00+00:00,3.0,16.2,-13.2,2024-12-21 22:00:00+01:00
2024-12-21 22:00:00+00:00,1.0,12.04,-11.04,2024-12-21 23:00:00+01:00
2024-12-21 23:00:00+00:00,0.0,9.88,-9.88,2024-12-22 00:00:00+01:00
2024-12-22 00:00:00+00:00,-0.03,7.92,-7.95,2024-12-22 01:00:00+01:00
2024-12-22 01:00:00+00:00,-0.46,8.42,-8.88,2024-12-22 02:00:00+01:00
2024-12-22 02:00:00+00:00,-1.04,6.27,-7.31,2024-12-22 03:00:00+01:00
2024-12-22 03:00:00+00:00,-2.06,4.41,-6.470000000000001,2024-12-22 04:00:00+01:00
2024-12-22 04:00:00+00:00,-0.47,5.1,-5.569999999999999,2024-12-22 05:00:00+01:00
2024-12-22 05:00:00+00:00,-0.68,5.82,-6.5,2024-12-22 06:00:00+01:00
2024-12-22 06:00:00+00:00,-0.12,10.5,-10.62,2024-12-22 07:00:00+01:00
2024-12-22 07:00:00+00:00,3.46,15.29,-11.829999999999998,2024-12-22 08:00:00+01:00
2024-12-22 08:00:00+00:00,20.6,23.99,-3.389999999999997,2024-12-22 09:00:00+01:00
2024-12-22 09:00:00+00:00,20.17,20.0,0.1700000000000017,2024-12-22 10:00:00+01:00
2024-12-22 10:00:00+00:00,23.0,16.01,6.989999999999998,2024-12-22 11:00:00+01:00
2024-12-22 11:00:00+00:00,21.19,18.67,2.5199999999999996,2024-12-22 12:00:00+01:00
2024-12-22 12:00:00+00:00,21.39,15.38,6.01,2024-12-22 13:00:00+01:00
2024-12-22 13:00:00+00:00,28.02,10.96,17.06,2024-12-22 14:00:00+01:00
2024-12-22 14:00:00+00:00,41.77,13.55,28.220000000000002,2024-12-22 15:00:00+01:00
2024-12-22 15:00:00+00:00,46.93,18.6,28.33,2024-12-22 16:00:00+01:00
2024-12-22 16:00:00+00:00,65.47,55.0,10.469999999999999,2024-12-22 17:00:00+01:00
2024-12-22 17:00:00+00:00,60.79,77.44,-16.65,2024-12-22 18:00:00+01:00
2024-12-22 18:00:00+00:00,58.21,72.5,-14.29,2024-12-22 19:00:00+01:00
2024-12-22 19:00:00+00:00,46.93,58.91,-11.979999999999997,2024-12-22 20:00:00+01:00
2024-12-22 20:00:00+00:00,36.66,46.4,-9.740000000000002,2024-12-22 21:00:00+01:00
2024-12-22 21:00:00+00:00,36.2,42.03,-5.829999999999998,2024-12-22 22:00:00+01:00
2024-12-22 22:00:00+00:00,24.5,30.54,-6.039999999999999,2024-12-22 23:00:00+01:00
2024-12-22 23:00:00+00:00,29.19,17.27,11.920000000000002,2024-12-23 00:00:00+01:00
2024-12-23 00:00:00+00:00,20.13,11.48,8.649999999999999,2024-12-23 01:00:00+01:00
2024-12-23 01:00:00+00:00,14.31,10.19,4.120000000000001,2024-12-23 02:00:00+01:00
2024-12-23 02:00:00+00:00,9.12,7.33,1.7899999999999991,2024-12-23 03:00:00+01:00
2024-12-23 03:00:00+00:00,9.78,6.0,3.7799999999999994,2024-12-23 04:00:00+01:00
2024-12-23 04:00:00+00:00,14.8,7.07,7.73,2024-12-23 05:00:00+01:00
2024-12-23 05:00:00+00:00,17.39,25.95,-8.559999999999999,2024-12-23 06:00:00+01:00
2024-12-23 06:00:00+00:00,52.01,61.2,-9.190000000000005,2024-12-23 07:00:00+01:00
2024-12-23 07:00:00+00:00,59.34,72.47,-13.129999999999995,2024-12-23 08:00:00+01:00
2024-12-23 08:00:00+00:00,59.62,70.93,-11.31000000000001,2024-12-23 09:00:00+01:00
2024-12-23 09:00:00+00:00,52.73,61.79,-9.060000000000002,2024-12-23 10:00:00+01:00
2024-12-23 10:00:00+00:00,52.0,60.27,-8.270000000000003,2024-12-23 11:00:00+01:00
2024-12-23 11:00:00+00:00,54.17,61.57,-7.399999999999999,2024-12-23 12:00:00+01:00
2024-12-23 12:00:00+00:00,54.81,62.31,-7.5,2024-12-23 13:00:00+01:00
2024-12-23 13:00:00+00:00,61.56,69.0,-7.439999999999998,2024-12-23 14:00:00+01:00
2024-12-23 14:00:00+00:00,73.69,80.01,-6.320000000000007,2024-12-23 15:00:00+01:00
2024-12-23 15:00:00+00:00,82.56,98.44,-15.879999999999995,2024-12-23 16:00:00+01:00
2024-12-23 16:00:00+00:00,98.25,110.92,-12.670000000000002,2024-12-23 17:00:00+01:00
2024-12-23 17:00:00+00:00,101.75,114.72,-12.969999999999999,2024-12-23 18:00:00+01:00
2024-12-23 18:00:00+00:00,97.47,124.89,-27.42,2024-12-23 19:00:00+01:00
2024-12-23 19:00:00+00:00,92.59,118.97,-26.379999999999995,2024-12-23 20:00:00+01:00
2024-12-23 20:00:00+00:00,108.29,109.28,-0.9899999999999949,2024-12-23 21:00:00+01:00
2024-12-23 21:00:00+00:00,105.82,105.82,0.0,2024-12-23 22:00:00+01:00
2024-12-23 22:00:00+00:00,96.99,105.49,-8.5,2024-12-23 23:00:00+01:00
2024-12-23 23:00:00+00:00,86.03,86.03,0.0,2024-12-24 00:00:00+01:00
2024-12-24 00:00:00+00:00,82.84,82.84,0.0,2024-12-24 01:00:00+01:00
2024-12-24 01:00:00+00:00,81.89,81.89,0.0,2024-12-24 02:00:00+01:00
2024-12-24 02:00:00+00:00,78.0,78.0,0.0,2024-12-24 03:00:00+01:00
2024-12-24 03:00:00+00:00,78.78,78.78,0.0,2024-12-24 04:00:00+01:00
2024-12-24 04:00:00+00:00,80.6,80.6,0.0,2024-12-24 05:00:00+01:00
2024-12-24 05:00:00+00:00,85.07,85.07,0.0,2024-12-24 06:00:00+01:00
2024-12-24 06:00:00+00:00,100.83,100.83,0.0,2024-12-24 07:00:00+01:00
2024-12-24 07:00:00+00:00,115.09,115.09,0.0,2024-12-24 08:00:00+01:00
2024-12-24 08:00:00+00:00,120.95,120.95,0.0,2024-12-24 09:00:00+01:00
2024-12-24 09:00:00+00:00,120.0,120.0,0.0,2024-12-24 10:00:00+01:00
2024-12-24 10:00:00+00:00,118.16,118.16,0.0,2024-12-24 11:00:00+01:00
2024-12-24 11:00:00+00:00,117.49,117.49,0.0,2024-12-24 12:00:00+01:00
2024-12-24 12:00:00+00:00,115.38,115.38,0.0,2024-12-24 13:00:00+01:00
2024-12-24 13:00:00+00:00,117.98,117.98,0.0,2024-12-24 14:00:00+01:00
2024-12-24 14:00:00+00:00,119.5,119.5,0.0,2024-12-24 15:00:00+01:00
2024-12-24 15:00:00+00:00,120.21,120.21,0.0,2024-12-24 16:00:00+01:00
2024-12-24 16:00:00+00:00,118.0,118.0,0.0,2024-12-24 17:00:00+01:00
2024-12-24 17:00:00+00:00,110.98,110.98,0.0,2024-12-24 18:00:00+01:00
2024-12-24 18:00:00+00:00,105.66,105.66,0.0,2024-12-24 19:00:00+01:00
2024-12-24 19:00:00+00:00,102.56,102.56,0.0,2024-12-24 20:00:00+01:00
2024-12-24 20:00:00+00:00,94.63,94.63,0.0,2024-12-24 21:00:00+01:00
2024-12-24 21:00:00+00:00,99.04,99.04,0.0,2024-12-24 22:00:00+01:00
2024-12-24 22:00:00+00:00,90.0,90.0,0.0,2024-12-24 23:00:00+01:00
2024-12-24 23:00:00+00:00,91.37,91.37,0.0,2024-12-25 00:00:00+01:00
2024-12-25 00:00:00+00:00,86.44,86.44,0.0,2024-12-25 01:00:00+01:00
2024-12-25 01:00:00+00:00,85.07,85.07,0.0,2024-12-25 02:00:00+01:00
2024-12-25 02:00:00+00:00,80.81,80.81,0.0,2024-12-25 03:00:00+01:00
2024-12-25 03:00:00+00:00,75.99,75.99,0.0,2024-12-25 04:00:00+01:00
2024-12-25 04:00:00+00:00,80.81,80.81,0.0,2024-12-25 05:00:00+01:00
2024-12-25 05:00:00+00:00,83.01,83.01,0.0,2024-12-25 06:00:00+01:00
2024-12-25 06:00:00+00:00,84.94,84.94,0.0,2024-12-25 07:00:00+01:00
2024-12-25 07:00:00+00:00,90.21,90.21,0.0,2024-12-25 08:00:00+01:00
2024-12-25 08:00:00+00:00,99.24,99.24,0.0,2024-12-25 09:00:00+01:00
2024-12-25 09:00:00+00:00,93.56,93.56,0.0,2024-12-25 10:00:00+01:00
2024-12-25 10:00:00+00:00,92.55,92.55,0.0,2024-12-25 11:00:00+01:00
2024-12-25 11:00:00+00:00,94.41,94.41,0.0,2024-12-25 12:00:00+01:00
2024-12-25 12:00:00+00:00,91.03,91.01,0.01999999999999602,2024-12-25 13:00:00+01:00
2024-12-25 13:00:00+00:00,99.17,85.08,14.090000000000003,2024-12-25 14:00:00+01:00
2024-12-25 14:00:00+00:00,112.69,92.55,20.14,2024-12-25 15:00:00+01:00
2024-12-25 15:00:00+00:00,118.01,108.27,9.740000000000009,2024-12-25 16:00:00+01:00
2024-12-25 16:00:00+00:00,120.53,120.5,0.030000000000001137,2024-12-25 17:00:00+01:00
2024-12-25 17:00:00+00:00,119.11,119.07,0.04000000000000625,2024-12-25 18:00:00+01:00
2024-12-25 18:00:00+00:00,118.01,117.98,0.030000000000001137,2024-12-25 19:00:00+01:00
2024-12-25 19:00:00+00:00,118.33,118.29,0.03999999999999204,2024-12-25 20:00:00+01:00
2024-12-25 20:00:00+00:00,113.01,113.01,0.0,2024-12-25 21:00:00+01:00
2024-12-25 21:00:00+00:00,114.07,114.07,0.0,2024-12-25 22:00:00+01:00
2024-12-25 22:00:00+00:00,104.63,104.63,0.0,2024-12-25 23:00:00+01:00
2024-12-25 23:00:00+00:00,102.17,102.17,0.0,2024-12-26 00:00:00+01:00
2024-12-26 00:00:00+00:00,95.06,95.06,0.0,2024-12-26 01:00:00+01:00
2024-12-26 01:00:00+00:00,94.61,94.61,0.0,2024-12-26 02:00:00+01:00
2024-12-26 02:00:00+00:00,89.64,89.64,0.0,2024-12-26 03:00:00+01:00
2024-12-26 03:00:00+00:00,90.87,90.87,0.0,2024-12-26 04:00:00+01:00
2024-12-26 04:00:00+00:00,95.1,95.1,0.0,2024-12-26 05:00:00+01:00
2024-12-26 05:00:00+00:00,99.0,99.0,0.0,2024-12-26 06:00:00+01:00
2024-12-26 06:00:00+00:00,112.61,112.64,-0.030000000000001137,2024-12-26 07:00:00+01:00
2024-12-26 07:00:00+00:00,119.1,119.44,-0.3400000000000034,2024-12-26 08:00:00+01:00
2024-12-26 08:00:00+00:00,118.23,118.23,0.0,2024-12-26 09:00:00+01:00
2024-12-26 09:00:00+00:00,113.25,113.25,0.0,2024-12-26 10:00:00+01:00
2024-12-26 10:00:00+00:00,106.01,106.01,0.0,2024-12-26 11:00:00+01:00
2024-12-26 11:00:00+00:00,107.71,107.71,0.0,2024-12-26 12:00:00+01:00
2024-12-26 12:00:00+00:00,103.9,103.9,0.0,2024-12-26 13:00:00+01:00
2024-12-26 13:00:00+00:00,109.64,109.64,0.0,2024-12-26 14:00:00+01:00
2024-12-26 14:00:00+00:00,120.75,120.75,0.0,2024-12-26 15:00:00+01:00
2024-12-26 15:00:00+00:00,129.64,123.26,6.379999999999981,2024-12-26 16:00:00+01:00
2024-12-26 16:00:00+00:00,137.9,137.9,0.0,2024-12-26 17:00:00+01:00
2024-12-26 17:00:00+00:00,138.05,138.05,0.0,2024-12-26 18:00:00+01:00
2024-12-26 18:00:00+00:00,135.71,135.71,0.0,2024-12-26 19:00:00+01:00
2024-12-26 19:00:00+00:00,129.13,129.13,0.0,2024-12-26 20:00:00+01:00
2024-12-26 20:00:00+00:00,120.85,120.85,0.0,2024-12-26 21:00:00+01:00
2024-12-26 21:00:00+00:00,123.5,123.5,0.0,2024-12-26 22:00:00+01:00
2024-12-26 22:00:00+00:00,116.98,116.98,0.0,2024-12-26 23:00:00+01:00
2024-12-26 23:00:00+00:00,106.79,106.79,0.0,2024-12-27 00:00:00+01:00
2024-12-27 00:00:00+00:00,101.52,101.52,0.0,2024-12-27 01:00:00+01:00
2024-12-27 01:00:00+00:00,101.03,101.03,0.0,2024-12-27 02:00:00+01:00
2024-12-27 02:00:00+00:00,99.74,99.74,0.0,2024-12-27 03:00:00+01:00
2024-12-27 03:00:00+00:00,99.58,99.58,0.0,2024-12-27 04:00:00+01:00
2024-12-27 04:00:00+00:00,106.2,106.2,0.0,2024-12-27 05:00:00+01:00
2024-12-27 05:00:00+00:00,115.7,115.7,0.0,2024-12-27 06:00:00+01:00
2024-12-27 06:00:00+00:00,124.29,124.29,0.0,2024-12-27 07:00:00+01:00
2024-12-27 07:00:00+00:00,131.85,131.85,0.0,2024-12-27 08:00:00+01:00
2024-12-27 08:00:00+00:00,130.15,130.15,0.0,2024-12-27 09:00:00+01:00
2024-12-27 09:00:00+00:00,120.1,120.1,0.0,2024-12-27 10:00:00+01:00
2024-12-27 10:00:00+00:00,107.94,107.94,0.0,2024-12-27 11:00:00+01:00
2024-12-27 11:00:00+00:00,107.81,107.81,0.0,2024-12-27 12:00:00+01:00
2024-12-27 12:00:00+00:00,107.94,107.94,0.0,2024-12-27 13:00:00+01:00
2024-12-27 13:00:00+00:00,121.65,110.3,11.350000000000009,2024-12-27 14:00:00+01:00
2024-12-27 14:00:00+00:00,136.46,114.15,22.310000000000002,2024-12-27 15:00:00+01:00
2024-12-27 15:00:00+00:00,146.25,129.98,16.27000000000001,2024-12-27 16:00:00+01:00
2024-12-27 16:00:00+00:00,151.8,149.78,2.0200000000000102,2024-12-27 17:00:00+01:00
2024-12-27 17:00:00+00:00,158.4,158.4,0.0,2024-12-27 18:00:00+01:00
2024-12-27 18:00:00+00:00,146.43,146.43,0.0,2024-12-27 19:00:00+01:00
2024-12-27 19:00:00+00:00,133.14,133.14,0.0,2024-12-27 20:00:00+01:00
2024-12-27 20:00:00+00:00,125.42,125.42,0.0,2024-12-27 21:00:00+01:00
2024-12-27 21:00:00+00:00,126.76,126.76,0.0,2024-12-27 22:00:00+01:00
2024-12-27 22:00:00+00:00,114.0,114.0,0.0,2024-12-27 23:00:00+01:00
2024-12-27 23:00:00+00:00,126.4,126.4,0.0,2024-12-28 00:00:00+01:00
2024-12-28 00:00:00+00:00,116.63,116.63,0.0,2024-12-28 01:00:00+01:00
2024-12-28 01:00:00+00:00,110.15,110.15,0.0,2024-12-28 02:00:00+01:00
2024-12-28 02:00:00+00:00,105.92,105.92,0.0,2024-12-28 03:00:00+01:00
2024-12-28 03:00:00+00:00,102.93,102.93,0.0,2024-12-28 04:00:00+01:00
2024-12-28 04:00:00+00:00,105.58,105.58,0.0,2024-12-28 05:00:00+01:00
2024-12-28 05:00:00+00:00,109.71,109.71,0.0,2024-12-28 06:00:00+01:00
2024-12-28 06:00:00+00:00,124.24,124.24,0.0,2024-12-28 07:00:00+01:00
2024-12-28 07:00:00+00:00,128.0,128.0,0.0,2024-12-28 08:00:00+01:00
2024-12-28 08:00:00+00:00,128.3,128.3,0.0,2024-12-28 09:00:00+01:00
2024-12-28 09:00:00+00:00,122.83,122.83,0.0,2024-12-28 10:00:00+01:00
2024-12-28 10:00:00+00:00,113.4,113.4,0.0,2024-12-28 11:00:00+01:00
2024-12-28 11:00:00+00:00,108.97,108.97,0.0,2024-12-28 12:00:00+01:00
2024-12-28 12:00:00+00:00,110.01,110.01,0.0,2024-12-28 13:00:00+01:00
2024-12-28 13:00:00+00:00,117.83,114.09,3.739999999999995,2024-12-28 14:00:00+01:00
2024-12-28 14:00:00+00:00,137.84,114.09,23.75,2024-12-28 15:00:00+01:00
2024-12-28 15:00:00+00:00,143.25,121.27,21.980000000000004,2024-12-28 16:00:00+01:00
2024-12-28 16:00:00+00:00,152.0,142.61,9.389999999999986,2024-12-28 17:00:00+01:00
2024-12-28 17:00:00+00:00,147.51,148.3,-0.7900000000000205,2024-12-28 18:00:00+01:00
2024-12-28 18:00:00+00:00,140.48,141.74,-1.2600000000000193,2024-12-28 19:00:00+01:00
2024-12-28 19:00:00+00:00,129.26,130.3,-1.0400000000000205,2024-12-28 20:00:00+01:00
2024-12-28 20:00:00+00:00,125.9,125.9,0.0,2024-12-28 21:00:00+01:00
2024-12-28 21:00:00+00:00,121.25,121.25,0.0,2024-12-28 22:00:00+01:00
2024-12-28 22:00:00+00:00,114.93,115.16,-0.22999999999998977,2024-12-28 23:00:00+01:00
2024-12-28 23:00:00+00:00,127.39,127.39,0.0,2024-12-29 00:00:00+01:00
2024-12-29 00:00:00+00:00,114.09,114.09,0.0,2024-12-29 01:00:00+01:00
2024-12-29 01:00:00+00:00,107.71,107.71,0.0,2024-12-29 02:00:00+01:00
2024-12-29 02:00:00+00:00,101.7,101.7,0.0,2024-12-29 03:00:00+01:00
2024-12-29 03:00:00+00:00,97.73,97.73,0.0,2024-12-29 04:00:00+01:00
2024-12-29 04:00:00+00:00,98.61,98.61,0.0,2024-12-29 05:00:00+01:00
2024-12-29 05:00:00+00:00,98.16,98.16,0.0,2024-12-29 06:00:00+01:00
2024-12-29 06:00:00+00:00,102.09,102.53,-0.4399999999999977,2024-12-29 07:00:00+01:00
2024-12-29 07:00:00+00:00,110.71,110.71,0.0,2024-12-29 08:00:00+01:00
2024-12-29 08:00:00+00:00,114.65,115.83,-1.1799999999999926,2024-12-29 09:00:00+01:00
2024-12-29 09:00:00+00:00,104.07,115.58,-11.510000000000005,2024-12-29 10:00:00+01:00
2024-12-29 10:00:00+00:00,100.19,109.94,-9.75,2024-12-29 11:00:00+01:00
2024-12-29 11:00:00+00:00,100.72,109.4,-8.680000000000007,2024-12-29 12:00:00+01:00
2024-12-29 12:00:00+00:00,99.73,108.88,-9.149999999999991,2024-12-29 13:00:00+01:00
2024-12-29 13:00:00+00:00,98.44,109.81,-11.370000000000005,2024-12-29 14:00:00+01:00
2024-12-29 14:00:00+00:00,104.01,113.87,-9.86,2024-12-29 15:00:00+01:00
2024-12-29 15:00:00+00:00,121.73,125.13,-3.3999999999999915,2024-12-29 16:00:00+01:00
2024-12-29 16:00:00+00:00,122.0,133.01,-11.009999999999991,2024-12-29 17:00:00+01:00
2024-12-29 17:00:00+00:00,126.11,134.4,-8.290000000000006,2024-12-29 18:00:00+01:00
2024-12-29 18:00:00+00:00,121.34,133.72,-12.379999999999995,2024-12-29 19:00:00+01:00
2024-12-29 19:00:00+00:00,109.92,123.92,-14.0,2024-12-29 20:00:00+01:00
2024-12-29 20:00:00+00:00,90.21,118.59,-28.38000000000001,2024-12-29 21:00:00+01:00
2024-12-29 21:00:00+00:00,83.79,119.1,-35.30999999999999,2024-12-29 22:00:00+01:00
2024-12-29 22:00:00+00:00,71.63,103.18,-31.55000000000001,2024-12-29 23:00:00+01:00
2024-12-29 23:00:00+00:00,71.73,105.48,-33.75,2024-12-30 00:00:00+01:00
2024-12-30 00:00:00+00:00,68.6,100.81,-32.21000000000001,2024-12-30 01:00:00+01:00
2024-12-30 01:00:00+00:00,68.6,98.45,-29.85000000000001,2024-12-30 02:00:00+01:00
2024-12-30 02:00:00+00:00,64.65,89.19,-24.539999999999992,2024-12-30 03:00:00+01:00
2024-12-30 03:00:00+00:00,66.89,82.97,-16.08,2024-12-30 04:00:00+01:00
2024-12-30 04:00:00+00:00,69.17,90.58,-21.409999999999997,2024-12-30 05:00:00+01:00
2024-12-30 05:00:00+00:00,71.14,98.82,-27.679999999999993,2024-12-30 06:00:00+01:00
2024-12-30 06:00:00+00:00,80.2,110.78,-30.58,2024-12-30 07:00:00+01:00
2024-12-30 07:00:00+00:00,86.3,126.7,-40.400000000000006,2024-12-30 08:00:00+01:00
2024-12-30 08:00:00+00:00,87.06,128.01,-40.94999999999999,2024-12-30 09:00:00+01:00
2024-12-30 09:00:00+00:00,83.71,122.09,-38.38000000000001,2024-12-30 10:00:00+01:00
2024-12-30 10:00:00+00:00,78.88,119.04,-40.16000000000001,2024-12-30 11:00:00+01:00
2024-12-30 11:00:00+00:00,82.86,121.42,-38.56,2024-12-30 12:00:00+01:00
2024-12-30 12:00:00+00:00,80.5,116.02,-35.519999999999996,2024-12-30 13:00:00+01:00
2024-12-30 13:00:00+00:00,83.7,119.5,-35.8,2024-12-30 14:00:00+01:00
2024-12-30 14:00:00+00:00,92.42,120.0,-27.58,2024-12-30 15:00:00+01:00
2024-12-30 15:00:00+00:00,96.97,128.08,-31.110000000000014,2024-12-30 16:00:00+01:00
2024-12-30 16:00:00+00:00,109.97,133.19,-23.22,2024-12-30 17:00:00+01:00
2024-12-30 17:00:00+00:00,100.0,140.12,-40.120000000000005,2024-12-30 18:00:00+01:00
2024-12-30 18:00:00+00:00,86.62,144.3,-57.68000000000001,2024-12-30 19:00:00+01:00
2024-12-30 19:00:00+00:00,74.83,139.39,-64.55999999999999,2024-12-30 20:00:00+01:00
2024-12-30 20:00:00+00:00,68.02,130.74,-62.72000000000001,2024-12-30 21:00:00+01:00
2024-12-30 21:00:00+00:00,67.26,128.95,-61.68999999999998,2024-12-30 22:00:00+01:00
2024-12-30 22:00:00+00:00,35.66,126.45,-90.79,2024-12-30 23:00:00+01:00
2024-12-30 23:00:00+00:00,50.49,113.58,-63.089999999999996,2024-12-31 00:00:00+01:00
2024-12-31 00:00:00+00:00,45.9,102.54,-56.64000000000001,2024-12-31 01:00:00+01:00
2024-12-31 01:00:00+00:00,56.43,97.92,-41.49,2024-12-31 02:00:00+01:00
2024-12-31 02:00:00+00:00,57.06,92.59,-35.53,2024-12-31 03:00:00+01:00
2024-12-31 03:00:00+00:00,63.92,88.79,-24.870000000000005,2024-12-31 04:00:00+01:00
2024-12-31 04:00:00+00:00,63.72,90.13,-26.409999999999997,2024-12-31 05:00:00+01:00
2024-12-31 05:00:00+00:00,63.7,108.05,-44.349999999999994,2024-12-31 06:00:00+01:00
2024-12-31 06:00:00+00:00,71.63,120.92,-49.290000000000006,2024-12-31 07:00:00+01:00
2024-12-31 07:00:00+00:00,78.43,131.38,-52.94999999999999,2024-12-31 08:00:00+01:00
2024-12-31 08:00:00+00:00,83.46,127.49,-44.03,2024-12-31 09:00:00+01:00
2024-12-31 09:00:00+00:00,82.47,121.41,-38.94,2024-12-31 10:00:00+01:00
2024-12-31 10:00:00+00:00,81.03,108.88,-27.849999999999994,2024-12-31 11:00:00+01:00
2024-12-31 11:00:00+00:00,81.17,102.39,-21.22,2024-12-31 12:00:00+01:00
2024-12-31 12:00:00+00:00,78.93,95.63,-16.69999999999999,2024-12-31 13:00:00+01:00
2024-12-31 13:00:00+00:00,76.84,93.14,-16.299999999999997,2024-12-31 14:00:00+01:00
2024-12-31 14:00:00+00:00,82.07,92.11,-10.040000000000006,2024-12-31 15:00:00+01:00
2024-12-31 15:00:00+00:00,83.67,97.52,-13.849999999999994,2024-12-31 16:00:00+01:00
2024-12-31 16:00:00+00:00,83.25,105.68,-22.430000000000007,2024-12-31 17:00:00+01:00
2024-12-31 17:00:00+00:00,77.68,111.22,-33.53999999999999,2024-12-31 18:00:00+01:00
2024-12-31 18:00:00+00:00,67.77,92.78,-25.010000000000005,2024-12-31 19:00:00+01:00
2024-12-31 19:00:00+00:00,35.56,79.04,-43.480000000000004,2024-12-31 20:00:00+01:00
2024-12-31 20:00:00+00:00,15.7,50.11,-34.41,2024-12-31 21:00:00+01:00
2024-12-31 21:00:00+00:00,9.06,63.36,-54.3,2024-12-31 22:00:00+01:00
2024-12-31 22:00:00+00:00,0.52,60.18,-59.66,2024-12-31 23:00:00+01:00
