timestamp_utc,forecast_eur_mwh,charge_mw,discharge_mw,soc_start_mwh,soc_end_mwh,forecast_gross_margin_eur,degradation_eur,forecast_net_margin_eur,actual_eur_mwh,gross_margin_eur,net_margin_eur,zone,model,day_cet,sales_eur,purchases_eur
2024-02-10 23:00:00+00:00,60.43,0.0,0.0,1.0,1.0,0.0,0.0,0.0,55.48,0.0,0.0,DE-LU,latest_same_hour,2024-02-11,0.0,0.0
2024-02-11 00:00:00+00:00,58.61,0.0,0.0,1.0,1.0,0.0,0.0,0.0,53.67,0.0,0.0,DE-LU,latest_same_hour,2024-02-11,0.0,0.0
2024-02-11 01:00:00+00:00,55.74,0.0,0.0,1.0,1.0,0.0,0.0,0.0,52.6,0.0,0.0,DE-LU,latest_same_hour,2024-02-11,0.0,0.0
2024-02-11 02:00:00+00:00,51.61,0.0540925533894598,0.0,1.0,1.0513167019494862,-2.791716680430021,0.0,-2.791716680430021,46.83,-2.533154275228403,-2.533154275228403,DE-LU,latest_same_hour,2024-02-11,0.0,2.5331542752284024
2024-02-11 03:00:00+00:00,49.96,1.0,0.0,1.0513167019494862,2.0,-49.96,0.0,-49.96,43.64,-43.64,-43.64,DE-LU,latest_same_hour,2024-02-11,0.0,43.64
2024-02-11 04:00:00+00:00,52.32,0.0,0.0,2.0,2.0,0.0,0.0,0.0,46.25,0.0,0.0,DE-LU,latest_same_hour,2024-02-11,0.0,0.0
2024-02-11 05:00:00+00:00,59.08,0.0,0.0,2.0,2.0,0.0,0.0,0.0,49.19,0.0,0.0,DE-LU,latest_same_hour,2024-02-11,0.0,0.0
2024-02-11 06:00:00+00:00,66.79,0.0,0.0,2.0,2.0,0.0,0.0,0.0,53.16,0.0,0.0,DE-LU,latest_same_hour,2024-02-11,0.0,0.0
2024-02-11 07:00:00+00:00,70.13,0.0,-0.0,2.0,2.0,-0.0,-0.0,0.0,55.06,-0.0,0.0,DE-LU,latest_same_hour,2024-02-11,-0.0,0.0
2024-02-11 08:00:00+00:00,68.37,0.0,0.0,2.0,2.0,0.0,0.0,0.0,57.97,0.0,0.0,DE-LU,latest_same_hour,2024-02-11,0.0,0.0
2024-02-11 09:00:00+00:00,69.52,0.0,0.0,2.0,2.0,0.0,0.0,0.0,61.16,0.0,0.0,DE-LU,latest_same_hour,2024-02-11,0.0,0.0
2024-02-11 10:00:00+00:00,69.94,0.0,0.0,2.0,2.0,0.0,0.0,0.0,65.54,0.0,0.0,DE-LU,latest_same_hour,2024-02-11,0.0,0.0
2024-02-11 11:00:00+00:00,67.85,0.0,0.0,2.0,2.0,0.0,0.0,0.0,64.6,0.0,0.0,DE-LU,latest_same_hour,2024-02-11,0.0,0.0
2024-02-11 12:00:00+00:00,67.74,0.0,0.0,2.0,2.0,0.0,0.0,0.0,62.12,0.0,0.0,DE-LU,latest_same_hour,2024-02-11,0.0,0.0
2024-02-11 13:00:00+00:00,73.22,-0.0,0.0,2.0,2.0,0.0,0.0,0.0,63.99,0.0,0.0,DE-LU,latest_same_hour,2024-02-11,0.0,-0.0
2024-02-11 14:00:00+00:00,81.56,0.0,0.0,2.0,2.0,0.0,0.0,0.0,66.3,0.0,0.0,DE-LU,latest_same_hour,2024-02-11,0.0,0.0
2024-02-11 15:00:00+00:00,90.12,0.0,0.0,2.0,2.0,0.0,0.0,0.0,70.69,0.0,0.0,DE-LU,latest_same_hour,2024-02-11,0.0,0.0
2024-02-11 16:00:00+00:00,95.45,0.0,1.0,2.0,0.9459074466105402,95.45,10.0,85.45,78.5,78.5,68.5,DE-LU,latest_same_hour,2024-02-11,78.5,0.0
2024-02-11 17:00:00+00:00,95.45,0.0,0.8973665961010275,0.9459074466105402,0.0,85.65364159784308,8.973665961010276,76.67997563683281,80.74,72.45337896919696,63.479713008186685,DE-LU,latest_same_hour,2024-02-11,72.45337896919696,0.0
2024-02-11 18:00:00+00:00,87.05,0.0,0.0,0.0,-0.0,0.0,0.0,0.0,79.72,0.0,0.0,DE-LU,latest_same_hour,2024-02-11,0.0,0.0
2024-02-11 19:00:00+00:00,80.44,0.0,0.0,-0.0,-0.0,0.0,0.0,0.0,76.75,0.0,0.0,DE-LU,latest_same_hour,2024-02-11,0.0,0.0
2024-02-11 20:00:00+00:00,75.2,0.0,0.0,-0.0,-0.0,0.0,0.0,0.0,70.72,0.0,0.0,DE-LU,latest_same_hour,2024-02-11,0.0,0.0
2024-02-11 21:00:00+00:00,74.91,0.0540925533894598,0.0,-0.0,0.0513167019494862,-4.052073174404434,0.0,-4.052073174404434,68.39,-3.699389726305157,-3.699389726305157,DE-LU,latest_same_hour,2024-02-11,0.0,3.6993897263051556
2024-02-11 22:00:00+00:00,70.94,1.0,0.0,0.0513167019494862,1.0,-70.94,0.0,-70.94,64.01,-64.01,-64.01,DE-LU,latest_same_hour,2024-02-11,0.0,64.01
2024-02-10 23:00:00+00:00,38.62571428571429,0.0,0.0,1.0,1.0,0.0,0.0,0.0,55.48,0.0,0.0,DE-LU,seven_day_same_hour,2024-02-11,0.0,0.0
2024-02-11 00:00:00+00:00,31.12,0.0,0.0,1.0,1.0,0.0,0.0,0.0,53.67,0.0,0.0,DE-LU,seven_day_same_hour,2024-02-11,0.0,0.0
2024-02-11 01:00:00+00:00,25.572857142857146,1.0,0.0,1.0,1.9486832980505135,-25.572857142857146,0.0,-25.572857142857146,52.6,-52.6,-52.6,DE-LU,seven_day_same_hour,2024-02-11,0.0,52.6
2024-02-11 02:00:00+00:00,26.467142857142854,0.0540925533894598,0.0,1.9486832980505135,2.0,-1.4316753380664595,0.0,-1.4316753380664595,46.83,-2.533154275228403,-2.533154275228403,DE-LU,seven_day_same_hour,2024-02-11,0.0,2.5331542752284024
2024-02-11 03:00:00+00:00,26.928571428571427,0.0,0.0,2.0,2.0,0.0,0.0,0.0,43.64,0.0,0.0,DE-LU,seven_day_same_hour,2024-02-11,0.0,0.0
2024-02-11 04:00:00+00:00,31.2,0.0,0.0,2.0,2.0,0.0,0.0,0.0,46.25,0.0,0.0,DE-LU,seven_day_same_hour,2024-02-11,0.0,0.0
2024-02-11 05:00:00+00:00,46.63428571428572,0.0,0.0,2.0,2.0,0.0,0.0,0.0,49.19,0.0,0.0,DE-LU,seven_day_same_hour,2024-02-11,0.0,0.0
2024-02-11 06:00:00+00:00,60.82142857142857,0.0,-0.0,2.0,2.0,-0.0,-0.0,0.0,53.16,-0.0,0.0,DE-LU,seven_day_same_hour,2024-02-11,-0.0,0.0
2024-02-11 07:00:00+00:00,67.0657142857143,0.0,1.0,2.0,0.9459074466105402,67.0657142857143,10.0,57.06571428571429,55.06,55.06,45.06,DE-LU,seven_day_same_hour,2024-02-11,55.06,0.0
2024-02-11 08:00:00+00:00,63.065714285714286,0.0,0.7999999999999998,0.9459074466105402,0.1026334038989724,50.45257142857142,7.999999999999998,42.45257142857142,57.97,46.37599999999999,38.37599999999999,DE-LU,seven_day_same_hour,2024-02-11,46.37599999999999,0.0
2024-02-11 09:00:00+00:00,57.78000000000001,0.0,0.0,0.1026334038989724,0.1026334038989724,0.0,0.0,0.0,61.16,0.0,0.0,DE-LU,seven_day_same_hour,2024-02-11,0.0,0.0
2024-02-11 10:00:00+00:00,53.55714285714286,0.0,0.0,0.1026334038989724,0.1026334038989724,0.0,0.0,0.0,65.54,0.0,0.0,DE-LU,seven_day_same_hour,2024-02-11,0.0,0.0
2024-02-11 11:00:00+00:00,46.87571428571429,1.0,0.0,0.1026334038989724,1.0513167019494862,-46.87571428571429,0.0,-46.87571428571429,64.6,-64.6,-64.6,DE-LU,seven_day_same_hour,2024-02-11,0.0,64.6
2024-02-11 12:00:00+00:00,45.26142857142857,1.0,0.0,1.0513167019494862,2.0,-45.26142857142857,0.0,-45.26142857142857,62.12,-62.12,-62.12,DE-LU,seven_day_same_hour,2024-02-11,0.0,62.12
2024-02-11 13:00:00+00:00,48.81285714285714,0.0,0.0,2.0,2.0,0.0,0.0,0.0,63.99,0.0,0.0,DE-LU,seven_day_same_hour,2024-02-11,0.0,0.0
2024-02-11 14:00:00+00:00,60.94,-0.0,0.0,2.0,2.0,0.0,0.0,0.0,66.3,0.0,0.0,DE-LU,seven_day_same_hour,2024-02-11,0.0,-0.0
2024-02-11 15:00:00+00:00,66.49428571428572,0.0,0.0,2.0,2.0,0.0,0.0,0.0,70.69,0.0,0.0,DE-LU,seven_day_same_hour,2024-02-11,0.0,0.0
2024-02-11 16:00:00+00:00,78.09714285714286,0.0,0.8973665961010275,2.0,1.0540925533894598,70.08176725092996,8.973665961010276,61.10810128991968,78.5,70.44327779393066,61.46961183292039,DE-LU,seven_day_same_hour,2024-02-11,70.44327779393066,0.0
2024-02-11 17:00:00+00:00,81.66571428571429,0.0,1.0,1.0540925533894598,0.0,81.66571428571429,10.0,71.66571428571429,80.74,80.74,70.74,DE-LU,seven_day_same_hour,2024-02-11,80.74,0.0
2024-02-11 18:00:00+00:00,72.5657142857143,0.0,0.0,0.0,-0.0,0.0,0.0,0.0,79.72,0.0,0.0,DE-LU,seven_day_same_hour,2024-02-11,0.0,0.0
2024-02-11 19:00:00+00:00,66.65571428571428,0.0,0.0,-0.0,-0.0,0.0,0.0,0.0,76.75,0.0,0.0,DE-LU,seven_day_same_hour,2024-02-11,0.0,0.0
2024-02-11 20:00:00+00:00,62.18285714285714,0.0,0.0,-0.0,-0.0,0.0,0.0,0.0,70.72,0.0,0.0,DE-LU,seven_day_same_hour,2024-02-11,0.0,0.0
2024-02-11 21:00:00+00:00,60.315714285714286,0.0540925533894598,0.0,-0.0,0.0513167019494862,-3.262630995223404,0.0,-3.262630995223404,68.39,-3.699389726305157,-3.699389726305157,DE-LU,seven_day_same_hour,2024-02-11,0.0,3.6993897263051556
2024-02-11 22:00:00+00:00,50.74,1.0,0.0,0.0513167019494862,1.0,-50.74,0.0,-50.74,64.01,-64.01,-64.01,DE-LU,seven_day_same_hour,2024-02-11,0.0,64.01
2024-02-10 23:00:00+00:00,55.48,0.0,0.0,1.0,1.0,0.0,0.0,0.0,55.48,0.0,0.0,DE-LU,perfect_foresight,2024-02-11,0.0,0.0
2024-02-11 00:00:00+00:00,53.67,0.0,0.0,1.0,1.0,0.0,0.0,0.0,53.67,0.0,0.0,DE-LU,perfect_foresight,2024-02-11,0.0,0.0
2024-02-11 01:00:00+00:00,52.6,0.0,0.0,1.0,1.0,0.0,0.0,0.0,52.6,0.0,0.0,DE-LU,perfect_foresight,2024-02-11,0.0,0.0
2024-02-11 02:00:00+00:00,46.83,0.0,0.0,1.0,1.0,0.0,0.0,0.0,46.83,0.0,0.0,DE-LU,perfect_foresight,2024-02-11,0.0,0.0
2024-02-11 03:00:00+00:00,43.64,1.0,0.0,1.0,1.9486832980505135,-43.64,0.0,-43.64,43.64,-43.64,-43.64,DE-LU,perfect_foresight,2024-02-11,0.0,43.64
2024-02-11 04:00:00+00:00,46.25,0.0540925533894598,0.0,1.9486832980505135,2.0,-2.501780594262516,0.0,-2.501780594262516,46.25,-2.501780594262516,-2.501780594262516,DE-LU,perfect_foresight,2024-02-11,0.0,2.5017805942625158
2024-02-11 05:00:00+00:00,49.19,0.0,0.0,2.0,2.0,0.0,0.0,0.0,49.19,0.0,0.0,DE-LU,perfect_foresight,2024-02-11,0.0,0.0
2024-02-11 06:00:00+00:00,53.16,0.0,0.0,2.0,2.0,0.0,0.0,0.0,53.16,0.0,0.0,DE-LU,perfect_foresight,2024-02-11,0.0,0.0
2024-02-11 07:00:00+00:00,55.06,0.0,0.0,2.0,2.0,0.0,0.0,0.0,55.06,0.0,0.0,DE-LU,perfect_foresight,2024-02-11,0.0,0.0
2024-02-11 08:00:00+00:00,57.97,0.0,0.0,2.0,2.0,0.0,0.0,0.0,57.97,0.0,0.0,DE-LU,perfect_foresight,2024-02-11,0.0,0.0
2024-02-11 09:00:00+00:00,61.16,0.0,0.0,2.0,2.0,0.0,0.0,0.0,61.16,0.0,0.0,DE-LU,perfect_foresight,2024-02-11,0.0,0.0
2024-02-11 10:00:00+00:00,65.54,0.0,-0.0,2.0,2.0,-0.0,-0.0,0.0,65.54,-0.0,0.0,DE-LU,perfect_foresight,2024-02-11,-0.0,0.0
2024-02-11 11:00:00+00:00,64.6,0.0,0.0,2.0,2.0,0.0,0.0,0.0,64.6,0.0,0.0,DE-LU,perfect_foresight,2024-02-11,0.0,0.0
2024-02-11 12:00:00+00:00,62.12,0.0,0.0,2.0,2.0,0.0,0.0,0.0,62.12,0.0,0.0,DE-LU,perfect_foresight,2024-02-11,0.0,0.0
2024-02-11 13:00:00+00:00,63.99,0.0,0.0,2.0,2.0,0.0,0.0,0.0,63.99,0.0,0.0,DE-LU,perfect_foresight,2024-02-11,0.0,0.0
2024-02-11 14:00:00+00:00,66.3,0.0,0.0,2.0,2.0,0.0,0.0,0.0,66.3,0.0,0.0,DE-LU,perfect_foresight,2024-02-11,0.0,0.0
2024-02-11 15:00:00+00:00,70.69,0.0,0.0,2.0,2.0,0.0,0.0,0.0,70.69,0.0,0.0,DE-LU,perfect_foresight,2024-02-11,0.0,0.0
2024-02-11 16:00:00+00:00,78.5,0.0,0.0,2.0,2.0,0.0,0.0,0.0,78.5,0.0,0.0,DE-LU,perfect_foresight,2024-02-11,0.0,0.0
2024-02-11 17:00:00+00:00,80.74,0.0,0.9486832980505138,2.0,1.0,76.59668948459847,9.486832980505138,67.10985650409333,80.74,76.59668948459847,67.10985650409333,DE-LU,perfect_foresight,2024-02-11,76.59668948459847,0.0
2024-02-11 18:00:00+00:00,79.72,0.0,0.0,1.0,1.0,0.0,0.0,0.0,79.72,0.0,0.0,DE-LU,perfect_foresight,2024-02-11,0.0,0.0
2024-02-11 19:00:00+00:00,76.75,0.0,0.0,1.0,1.0,0.0,0.0,0.0,76.75,0.0,0.0,DE-LU,perfect_foresight,2024-02-11,0.0,0.0
2024-02-11 20:00:00+00:00,70.72,0.0,0.0,1.0,1.0,0.0,0.0,0.0,70.72,0.0,0.0,DE-LU,perfect_foresight,2024-02-11,0.0,0.0
2024-02-11 21:00:00+00:00,68.39,0.0,0.0,1.0,1.0,0.0,0.0,0.0,68.39,0.0,0.0,DE-LU,perfect_foresight,2024-02-11,0.0,0.0
2024-02-11 22:00:00+00:00,64.01,0.0,0.0,1.0,1.0,0.0,0.0,0.0,64.01,0.0,0.0,DE-LU,perfect_foresight,2024-02-11,0.0,0.0
2024-07-14 22:00:00+00:00,50.65,0.0,0.9486832980505138,1.0,-0.0,48.05080904625852,9.486832980505138,38.56397606575338,79.35,75.27801970030826,65.79118671980312,DE-LU,latest_same_hour,2024-07-15,75.27801970030826,0.0
2024-07-14 23:00:00+00:00,50.52,0.0,0.0,-0.0,-0.0,0.0,0.0,0.0,66.24,0.0,0.0,DE-LU,latest_same_hour,2024-07-15,0.0,0.0
2024-07-15 00:00:00+00:00,36.92,0.0,0.0,-0.0,0.0,0.0,0.0,0.0,58.17,0.0,0.0,DE-LU,latest_same_hour,2024-07-15,0.0,0.0
2024-07-15 01:00:00+00:00,37.67,0.0,-0.0,0.0,0.0,-0.0,-0.0,0.0,63.03,-0.0,0.0,DE-LU,latest_same_hour,2024-07-15,-0.0,0.0
2024-07-15 02:00:00+00:00,32.72,0.0,-0.0,0.0,0.0,-0.0,-0.0,0.0,67.82,-0.0,0.0,DE-LU,latest_same_hour,2024-07-15,-0.0,0.0
2024-07-15 03:00:00+00:00,31.05,0.0,-0.0,0.0,-0.0,-0.0,-0.0,0.0,80.07,-0.0,0.0,DE-LU,latest_same_hour,2024-07-15,-0.0,0.0
2024-07-15 04:00:00+00:00,30.66,0.0,0.0,-0.0,-0.0,0.0,0.0,0.0,120.0,0.0,0.0,DE-LU,latest_same_hour,2024-07-15,0.0,0.0
2024-07-15 05:00:00+00:00,27.82,0.0,0.0,-0.0,0.0,0.0,0.0,0.0,144.1,0.0,0.0,DE-LU,latest_same_hour,2024-07-15,0.0,0.0
2024-07-15 06:00:00+00:00,26.6,0.0,-0.0,0.0,0.0,-0.0,-0.0,0.0,89.77,-0.0,0.0,DE-LU,latest_same_hour,2024-07-15,-0.0,0.0
2024-07-15 07:00:00+00:00,20.97,0.0,-0.0,0.0,0.0,-0.0,-0.0,0.0,59.29,-0.0,0.0,DE-LU,latest_same_hour,2024-07-15,-0.0,0.0
2024-07-15 08:00:00+00:00,5.16,0.0,0.0,0.0,0.0,0.0,0.0,0.0,35.52,0.0,0.0,DE-LU,latest_same_hour,2024-07-15,0.0,0.0
2024-07-15 09:00:00+00:00,0.04,0.0,0.0,0.0,0.0,0.0,0.0,0.0,11.29,0.0,0.0,DE-LU,latest_same_hour,2024-07-15,0.0,0.0
2024-07-15 10:00:00+00:00,-0.01,-0.0,0.0,0.0,0.0,-0.0,0.0,-0.0,0.07,0.0,0.0,DE-LU,latest_same_hour,2024-07-15,0.0,-0.0
2024-07-15 11:00:00+00:00,-5.0,0.1081851067789196,0.0,0.0,0.1026334038989724,0.5409255338945982,0.0,0.5409255338945982,-0.01,0.0010818510677891,0.0010818510677891,DE-LU,latest_same_hour,2024-07-15,-0.0,-0.001081851067789196
2024-07-15 12:00:00+00:00,-14.9,1.0,0.0,0.1026334038989724,1.0513167019494862,14.9,0.0,14.9,-0.07,0.07,0.07,DE-LU,latest_same_hour,2024-07-15,-0.0,-0.07
2024-07-15 13:00:00+00:00,-11.47,1.0,0.0,1.0513167019494862,2.0,11.47,0.0,11.47,3.54,-3.54,-3.54,DE-LU,latest_same_hour,2024-07-15,0.0,3.54
2024-07-15 14:00:00+00:00,-3.48,0.0,0.0,2.0,2.0,-0.0,0.0,-0.0,44.29,0.0,0.0,DE-LU,latest_same_hour,2024-07-15,0.0,0.0
2024-07-15 15:00:00+00:00,-0.01,0.0,0.0,2.0,2.0,-0.0,0.0,-0.0,82.0,0.0,0.0,DE-LU,latest_same_hour,2024-07-15,0.0,0.0
2024-07-15 16:00:00+00:00,28.77,0.0,-0.0,2.0,2.0,-0.0,-0.0,0.0,114.35,-0.0,0.0,DE-LU,latest_same_hour,2024-07-15,-0.0,0.0
2024-07-15 17:00:00+00:00,50.33,0.0,-0.0,2.0,2.0,-0.0,-0.0,0.0,204.19,-0.0,0.0,DE-LU,latest_same_hour,2024-07-15,-0.0,0.0
2024-07-15 18:00:00+00:00,75.45,0.0,0.0,2.0,2.0,0.0,0.0,0.0,224.96,0.0,0.0,DE-LU,latest_same_hour,2024-07-15,0.0,0.0
2024-07-15 19:00:00+00:00,76.26,0.0,0.0,2.0,2.0,0.0,0.0,0.0,143.56,0.0,0.0,DE-LU,latest_same_hour,2024-07-15,0.0,0.0
2024-07-15 20:00:00+00:00,78.84,0.0,0.9486832980505138,2.0,1.0,74.79419121830252,9.486832980505138,65.30735823779737,92.48,87.73423140371152,78.24739842320638,DE-LU,latest_same_hour,2024-07-15,87.73423140371152,0.0
2024-07-15 21:00:00+00:00,63.0,0.0,0.0,1.0,1.0,0.0,0.0,0.0,80.1,0.0,0.0,DE-LU,latest_same_hour,2024-07-15,0.0,0.0
2024-07-14 22:00:00+00:00,70.17142857142856,0.0,0.0,1.0,1.0,0.0,0.0,0.0,79.35,0.0,0.0,DE-LU,seven_day_same_hour,2024-07-15,0.0,0.0
2024-07-14 23:00:00+00:00,63.59857142857143,0.0,0.0,1.0,1.0,0.0,0.0,0.0,66.24,0.0,0.0,DE-LU,seven_day_same_hour,2024-07-15,0.0,0.0
2024-07-15 00:00:00+00:00,59.59,1.0,0.0,1.0,1.9486832980505135,-59.59,0.0,-59.59,58.17,-58.17,-58.17,DE-LU,seven_day_same_hour,2024-07-15,0.0,58.17
2024-07-15 01:00:00+00:00,60.52285714285714,0.0,0.0,1.9486832980505135,1.9486832980505135,0.0,0.0,0.0,63.03,0.0,0.0,DE-LU,seven_day_same_hour,2024-07-15,0.0,0.0
2024-07-15 02:00:00+00:00,59.86285714285714,0.0540925533894598,0.0,1.9486832980505135,2.0,-3.238134796045605,0.0,-3.238134796045605,67.82,-3.668556970873164,-3.668556970873164,DE-LU,seven_day_same_hour,2024-07-15,0.0,3.6685569708731633
2024-07-15 03:00:00+00:00,62.95428571428572,0.0,0.0,2.0,2.0,0.0,0.0,0.0,80.07,0.0,0.0,DE-LU,seven_day_same_hour,2024-07-15,0.0,0.0
2024-07-15 04:00:00+00:00,79.18857142857142,0.0,0.8973665961010275,2.0,1.0540925533894598,71.06117879296022,8.973665961010276,62.08751283194994,120.0,107.6839915321233,98.71032557111305,DE-LU,seven_day_same_hour,2024-07-15,107.6839915321233,0.0
2024-07-15 05:00:00+00:00,84.70714285714287,0.0,1.0,1.0540925533894598,0.0,84.70714285714287,10.0,74.70714285714287,144.1,144.1,134.1,DE-LU,seven_day_same_hour,2024-07-15,144.1,0.0
2024-07-15 06:00:00+00:00,76.96857142857142,0.0,0.0,0.0,-0.0,0.0,0.0,0.0,89.77,0.0,0.0,DE-LU,seven_day_same_hour,2024-07-15,0.0,0.0
2024-07-15 07:00:00+00:00,62.25571428571429,-0.0,0.0,-0.0,0.0,0.0,0.0,0.0,59.29,0.0,0.0,DE-LU,seven_day_same_hour,2024-07-15,0.0,-0.0
2024-07-15 08:00:00+00:00,48.18571428571429,-0.0,0.0,0.0,0.0,0.0,0.0,0.0,35.52,0.0,0.0,DE-LU,seven_day_same_hour,2024-07-15,0.0,-0.0
2024-07-15 09:00:00+00:00,38.90571428571428,0.0,0.0,0.0,-0.0,0.0,0.0,0.0,11.29,0.0,0.0,DE-LU,seven_day_same_hour,2024-07-15,0.0,0.0
2024-07-15 10:00:00+00:00,32.58,0.0,0.0,-0.0,-0.0,0.0,0.0,0.0,0.07,0.0,0.0,DE-LU,seven_day_same_hour,2024-07-15,0.0,0.0
2024-07-15 11:00:00+00:00,25.428571428571427,1.0,0.0,-0.0,0.9486832980505138,-25.428571428571427,0.0,-25.428571428571427,-0.01,0.01,0.01,DE-LU,seven_day_same_hour,2024-07-15,-0.0,-0.01
2024-07-15 12:00:00+00:00,24.844285714285714,1.0,0.0,0.9486832980505138,1.8973665961010275,-24.844285714285714,0.0,-24.844285714285714,-0.07,0.07,0.07,DE-LU,seven_day_same_hour,2024-07-15,-0.0,-0.07
2024-07-15 13:00:00+00:00,30.125714285714285,0.1081851067789196,0.0,1.8973665961010275,2.0,-3.2591536167912243,0.0,-3.2591536167912243,3.54,-0.3829752779973754,-0.3829752779973754,DE-LU,seven_day_same_hour,2024-07-15,0.0,0.3829752779973754
2024-07-15 14:00:00+00:00,46.03714285714285,0.0,-0.0,2.0,2.0,-0.0,-0.0,0.0,44.29,-0.0,0.0,DE-LU,seven_day_same_hour,2024-07-15,-0.0,0.0
2024-07-15 15:00:00+00:00,58.48428571428571,0.0,-0.0,2.0,2.0,-0.0,-0.0,0.0,82.0,-0.0,0.0,DE-LU,seven_day_same_hour,2024-07-15,-0.0,0.0
2024-07-15 16:00:00+00:00,79.89,0.0,-0.0,2.0,2.0,-0.0,-0.0,0.0,114.35,-0.0,0.0,DE-LU,seven_day_same_hour,2024-07-15,-0.0,0.0
2024-07-15 17:00:00+00:00,107.24285714285716,-0.0,0.0,2.0,2.0,0.0,0.0,0.0,204.19,0.0,0.0,DE-LU,seven_day_same_hour,2024-07-15,0.0,-0.0
2024-07-15 18:00:00+00:00,147.47285714285712,0.0,1.0,2.0,0.9459074466105402,147.47285714285712,10.0,137.47285714285712,224.96,224.96,214.96,DE-LU,seven_day_same_hour,2024-07-15,224.96,0.0
2024-07-15 19:00:00+00:00,130.95285714285714,0.0,0.8973665961010275,0.9459074466105402,0.0,117.51271966398984,8.973665961010276,108.53905370297956,143.56,128.82594853626352,119.85228257525324,DE-LU,seven_day_same_hour,2024-07-15,128.82594853626352,0.0
2024-07-15 20:00:00+00:00,102.14,0.0540925533894598,0.0,0.0,0.0513167019494862,-5.525013403199425,0.0,-5.525013403199425,92.48,-5.002479337457244,-5.002479337457244,DE-LU,seven_day_same_hour,2024-07-15,0.0,5.002479337457243
2024-07-15 21:00:00+00:00,84.4557142857143,1.0,0.0,0.0513167019494862,1.0,-84.4557142857143,0.0,-84.4557142857143,80.1,-80.1,-80.1,DE-LU,seven_day_same_hour,2024-07-15,0.0,80.1
2024-07-14 22:00:00+00:00,79.35,0.0,0.0,1.0,1.0,0.0,0.0,0.0,79.35,0.0,0.0,DE-LU,perfect_foresight,2024-07-15,0.0,0.0
2024-07-14 23:00:00+00:00,66.24,0.0,0.0,1.0,1.0,0.0,0.0,0.0,66.24,0.0,0.0,DE-LU,perfect_foresight,2024-07-15,0.0,0.0
2024-07-15 00:00:00+00:00,58.17,1.0,0.0,1.0,1.9486832980505135,-58.17,0.0,-58.17,58.17,-58.17,-58.17,DE-LU,perfect_foresight,2024-07-15,0.0,58.17
2024-07-15 01:00:00+00:00,63.03,0.0540925533894598,0.0,1.9486832980505135,2.0,-3.4094536401376523,0.0,-3.4094536401376523,63.03,-3.4094536401376523,-3.4094536401376523,DE-LU,perfect_foresight,2024-07-15,0.0,3.4094536401376514
2024-07-15 02:00:00+00:00,67.82,0.0,0.0,2.0,2.0,0.0,0.0,0.0,67.82,0.0,0.0,DE-LU,perfect_foresight,2024-07-15,0.0,0.0
2024-07-15 03:00:00+00:00,80.07,0.0,-0.0,2.0,2.0,-0.0,-0.0,0.0,80.07,-0.0,0.0,DE-LU,perfect_foresight,2024-07-15,-0.0,0.0
2024-07-15 04:00:00+00:00,120.0,0.0,0.8973665961010275,2.0,1.0540925533894598,107.6839915321233,8.973665961010276,98.71032557111305,120.0,107.6839915321233,98.71032557111305,DE-LU,perfect_foresight,2024-07-15,107.6839915321233,0.0
2024-07-15 05:00:00+00:00,144.1,0.0,1.0,1.0540925533894598,0.0,144.1,10.0,134.1,144.1,144.1,134.1,DE-LU,perfect_foresight,2024-07-15,144.1,0.0
2024-07-15 06:00:00+00:00,89.77,0.0,-0.0,0.0,0.0,-0.0,-0.0,0.0,89.77,-0.0,0.0,DE-LU,perfect_foresight,2024-07-15,-0.0,0.0
2024-07-15 07:00:00+00:00,59.29,0.0,-0.0,0.0,0.0,-0.0,-0.0,0.0,59.29,-0.0,0.0,DE-LU,perfect_foresight,2024-07-15,-0.0,0.0
2024-07-15 08:00:00+00:00,35.52,0.0,-0.0,0.0,0.0,-0.0,-0.0,0.0,35.52,-0.0,0.0,DE-LU,perfect_foresight,2024-07-15,-0.0,0.0
2024-07-15 09:00:00+00:00,11.29,0.0,-0.0,0.0,0.0,-0.0,-0.0,0.0,11.29,-0.0,0.0,DE-LU,perfect_foresight,2024-07-15,-0.0,0.0
2024-07-15 10:00:00+00:00,0.07,0.1081851067789196,0.0,0.0,0.1026334038989724,-0.0075729574745243,0.0,-0.0075729574745243,0.07,-0.0075729574745243,-0.0075729574745243,DE-LU,perfect_foresight,2024-07-15,0.0,0.007572957474524373
2024-07-15 11:00:00+00:00,-0.01,1.0,0.0,0.1026334038989724,1.0513167019494862,0.01,0.0,0.01,-0.01,0.01,0.01,DE-LU,perfect_foresight,2024-07-15,-0.0,-0.01
2024-07-15 12:00:00+00:00,-0.07,1.0,0.0,1.0513167019494862,2.0,0.07,0.0,0.07,-0.07,0.07,0.07,DE-LU,perfect_foresight,2024-07-15,-0.0,-0.07
2024-07-15 13:00:00+00:00,3.54,0.0,0.0,2.0,2.0,0.0,0.0,0.0,3.54,0.0,0.0,DE-LU,perfect_foresight,2024-07-15,0.0,0.0
2024-07-15 14:00:00+00:00,44.29,0.0,-0.0,2.0,2.0,-0.0,-0.0,0.0,44.29,-0.0,0.0,DE-LU,perfect_foresight,2024-07-15,-0.0,0.0
2024-07-15 15:00:00+00:00,82.0,-0.0,0.0,2.0,2.0,0.0,0.0,0.0,82.0,0.0,0.0,DE-LU,perfect_foresight,2024-07-15,0.0,-0.0
2024-07-15 16:00:00+00:00,114.35,0.0,-0.0,2.0,2.0,-0.0,-0.0,0.0,114.35,-0.0,0.0,DE-LU,perfect_foresight,2024-07-15,-0.0,0.0
2024-07-15 17:00:00+00:00,204.19,0.0,0.8973665961010275,2.0,1.0540925533894598,183.2332852578688,8.973665961010276,174.25961929685852,204.19,183.2332852578688,174.25961929685852,DE-LU,perfect_foresight,2024-07-15,183.2332852578688,0.0
2024-07-15 18:00:00+00:00,224.96,0.0,1.0,1.0540925533894598,0.0,224.96,10.0,214.96,224.96,224.96,214.96,DE-LU,perfect_foresight,2024-07-15,224.96,0.0
2024-07-15 19:00:00+00:00,143.56,-0.0,0.0,0.0,0.0,0.0,0.0,0.0,143.56,0.0,0.0,DE-LU,perfect_foresight,2024-07-15,0.0,-0.0
2024-07-15 20:00:00+00:00,92.48,0.0540925533894598,0.0,0.0,0.0513167019494862,-5.002479337457244,0.0,-5.002479337457244,92.48,-5.002479337457244,-5.002479337457244,DE-LU,perfect_foresight,2024-07-15,0.0,5.002479337457243
2024-07-15 21:00:00+00:00,80.1,1.0,0.0,0.0513167019494862,1.0,-80.1,0.0,-80.1,80.1,-80.1,-80.1,DE-LU,perfect_foresight,2024-07-15,0.0,80.1
2024-04-19 22:00:00+00:00,89.04,0.0,0.9486832980505138,1.0,0.0,84.47076085841775,9.486832980505138,74.9839278779126,24.69,23.422990628867183,13.936157648362048,FR,latest_same_hour,2024-04-20,23.422990628867186,0.0
2024-04-19 23:00:00+00:00,74.94,0.0,-0.0,0.0,0.0,-0.0,-0.0,0.0,10.0,-0.0,0.0,FR,latest_same_hour,2024-04-20,-0.0,0.0
2024-04-20 00:00:00+00:00,52.58,-0.0,0.0,0.0,0.0,0.0,0.0,0.0,11.39,0.0,0.0,FR,latest_same_hour,2024-04-20,0.0,-0.0
2024-04-20 01:00:00+00:00,25.27,1.0,0.0,0.0,0.9486832980505138,-25.27,0.0,-25.27,10.0,-10.0,-10.0,FR,latest_same_hour,2024-04-20,0.0,10.0
2024-04-20 02:00:00+00:00,38.86,0.1081851067789196,0.0,0.9486832980505138,1.0513167019494862,-4.204073249428816,0.0,-4.204073249428816,9.57,-1.0353314718742608,-1.0353314718742608,FR,latest_same_hour,2024-04-20,0.0,1.0353314718742606
2024-04-20 03:00:00+00:00,19.22,1.0,0.0,1.0513167019494862,2.0,-19.22,0.0,-19.22,7.0,-7.0,-7.0,FR,latest_same_hour,2024-04-20,0.0,7.0
2024-04-20 04:00:00+00:00,62.47,0.0,-0.0,2.0,2.0,-0.0,-0.0,0.0,7.54,-0.0,0.0,FR,latest_same_hour,2024-04-20,-0.0,0.0
2024-04-20 05:00:00+00:00,114.87,0.0,0.8973665961010275,2.0,1.0540925533894598,103.08050089412504,8.973665961010276,94.10683493311475,8.43,7.564800405131661,-1.4088655558786147,FR,latest_same_hour,2024-04-20,7.5648004051316615,0.0
2024-04-20 06:00:00+00:00,131.19,0.0,1.0,1.0540925533894598,-0.0,131.19,10.0,121.19,13.31,13.31,3.3100000000000005,FR,latest_same_hour,2024-04-20,13.31,0.0
2024-04-20 07:00:00+00:00,101.12,0.0,0.0,-0.0,0.0,0.0,0.0,0.0,6.27,0.0,0.0,FR,latest_same_hour,2024-04-20,0.0,0.0
2024-04-20 08:00:00+00:00,49.74,-0.0,0.0,0.0,0.0,0.0,0.0,0.0,3.45,0.0,0.0,FR,latest_same_hour,2024-04-20,0.0,-0.0
2024-04-20 09:00:00+00:00,21.72,-0.0,0.0,0.0,-0.0,0.0,0.0,0.0,0.05,0.0,0.0,FR,latest_same_hour,2024-04-20,0.0,-0.0
2024-04-20 10:00:00+00:00,23.17,0.0,0.0,-0.0,-0.0,0.0,0.0,0.0,0.79,0.0,0.0,FR,latest_same_hour,2024-04-20,0.0,0.0
2024-04-20 11:00:00+00:00,33.29,0.0,0.0,-0.0,-0.0,0.0,0.0,0.0,0.0,0.0,0.0,FR,latest_same_hour,2024-04-20,0.0,0.0
2024-04-20 12:00:00+00:00,26.02,0.0,0.0,-0.0,0.0,0.0,0.0,0.0,0.0,0.0,0.0,FR,latest_same_hour,2024-04-20,0.0,0.0
2024-04-20 13:00:00+00:00,12.23,1.0,0.0,0.0,0.9486832980505138,-12.23,0.0,-12.23,-0.04,0.04,0.04,FR,latest_same_hour,2024-04-20,-0.0,-0.04
2024-04-20 14:00:00+00:00,13.21,1.0,0.0,0.9486832980505138,1.8973665961010275,-13.21,0.0,-13.21,-0.07,0.07,0.07,FR,latest_same_hour,2024-04-20,-0.0,-0.07
2024-04-20 15:00:00+00:00,13.27,0.1081851067789196,0.0,1.8973665961010275,2.0,-1.4356163669562634,0.0,-1.4356163669562634,-0.01,0.0010818510677891,0.0010818510677891,FR,latest_same_hour,2024-04-20,-0.0,-0.001081851067789196
2024-04-20 16:00:00+00:00,29.08,0.0,-0.0,2.0,2.0,-0.0,-0.0,0.0,0.04,-0.0,0.0,FR,latest_same_hour,2024-04-20,-0.0,0.0
2024-04-20 17:00:00+00:00,112.33,0.0,0.8973665961010275,2.0,1.0540925533894598,100.80118974002842,8.973665961010276,91.82752377901816,10.47,9.39542826117776,0.421762300167483,FR,latest_same_hour,2024-04-20,9.39542826117776,0.0
2024-04-20 18:00:00+00:00,115.6,0.0,1.0,1.0540925533894598,0.0,115.6,10.0,105.6,15.3,15.3,5.300000000000001,FR,latest_same_hour,2024-04-20,15.3,0.0
2024-04-20 19:00:00+00:00,95.07,0.0,0.0,0.0,-0.0,0.0,0.0,0.0,10.0,0.0,0.0,FR,latest_same_hour,2024-04-20,0.0,0.0
2024-04-20 20:00:00+00:00,89.68,0.0540925533894598,0.0,-0.0,0.0513167019494862,-4.851020187966756,0.0,-4.851020187966756,14.5,-0.7843420241471672,-0.7843420241471672,FR,latest_same_hour,2024-04-20,0.0,0.7843420241471671
2024-04-20 21:00:00+00:00,75.67,1.0,0.0,0.0513167019494862,1.0,-75.67,0.0,-75.67,39.32,-39.32,-39.32,FR,latest_same_hour,2024-04-20,0.0,39.32
2024-04-19 22:00:00+00:00,22.58,0.0,0.9486832980505138,1.0,-0.0,21.4212688699806,9.486832980505138,11.934435889475465,24.69,23.422990628867183,13.936157648362048,FR,seven_day_same_hour,2024-04-20,23.422990628867186,0.0
2024-04-19 23:00:00+00:00,18.05857142857143,0.0,0.0,-0.0,-0.0,0.0,0.0,0.0,10.0,0.0,0.0,FR,seven_day_same_hour,2024-04-20,0.0,0.0
2024-04-20 00:00:00+00:00,13.615714285714288,0.0,0.0,-0.0,0.0,0.0,0.0,0.0,11.39,0.0,0.0,FR,seven_day_same_hour,2024-04-20,0.0,0.0
2024-04-20 01:00:00+00:00,7.874285714285714,1.0,0.0,0.0,0.9486832980505138,-7.874285714285714,0.0,-7.874285714285714,10.0,-10.0,-10.0,FR,seven_day_same_hour,2024-04-20,0.0,10.0
2024-04-20 02:00:00+00:00,10.05714285714286,1.0,0.0,0.9486832980505138,1.8973665961010275,-10.05714285714286,0.0,-10.05714285714286,9.57,-9.57,-9.57,FR,seven_day_same_hour,2024-04-20,0.0,9.57
2024-04-20 03:00:00+00:00,10.198571428571428,0.1081851067789196,0.0,1.8973665961010275,2.0,-1.1033335389924388,0.0,-1.1033335389924388,7.0,-0.7572957474524373,-0.7572957474524373,FR,seven_day_same_hour,2024-04-20,0.0,0.7572957474524372
2024-04-20 04:00:00+00:00,26.555714285714284,0.0,-0.0,2.0,2.0,-0.0,-0.0,0.0,7.54,-0.0,0.0,FR,seven_day_same_hour,2024-04-20,-0.0,0.0
2024-04-20 05:00:00+00:00,53.54571428571428,0.0,1.0,2.0,0.9459074466105402,53.54571428571428,10.0,43.54571428571428,8.43,8.43,-1.5700000000000005,FR,seven_day_same_hour,2024-04-20,8.43,0.0
2024-04-20 06:00:00+00:00,50.120000000000005,0.0,0.8973665961010275,0.9459074466105402,0.0,44.9760137965835,8.973665961010276,36.002347835573225,13.31,11.943949394104678,2.970283433094401,FR,seven_day_same_hour,2024-04-20,11.943949394104678,0.0
2024-04-20 07:00:00+00:00,26.74428571428572,0.0,-0.0,0.0,0.0,-0.0,-0.0,0.0,6.27,-0.0,0.0,FR,seven_day_same_hour,2024-04-20,-0.0,0.0
2024-04-20 08:00:00+00:00,10.95142857142857,0.0,-0.0,0.0,0.0,-0.0,-0.0,0.0,3.45,-0.0,0.0,FR,seven_day_same_hour,2024-04-20,-0.0,0.0
2024-04-20 09:00:00+00:00,3.487142857142857,0.0,0.0,0.0,0.0,0.0,0.0,0.0,0.05,0.0,0.0,FR,seven_day_same_hour,2024-04-20,0.0,0.0
2024-04-20 10:00:00+00:00,0.0514285714285713,0.0,0.0,0.0,0.0,0.0,0.0,0.0,0.79,0.0,0.0,FR,seven_day_same_hour,2024-04-20,0.0,0.0
2024-04-20 11:00:00+00:00,-3.9071428571428575,0.1081851067789196,0.0,0.0,0.1026334038989724,0.4226946672004931,0.0,0.4226946672004931,0.0,-0.0,-0.0,FR,seven_day_same_hour,2024-04-20,0.0,0.0
2024-04-20 12:00:00+00:00,-6.588571428571429,1.0,0.0,0.1026334038989724,1.0513167019494862,6.588571428571429,0.0,6.588571428571429,0.0,-0.0,-0.0,FR,seven_day_same_hour,2024-04-20,0.0,0.0
2024-04-20 13:00:00+00:00,-10.277142857142858,1.0,0.0,1.0513167019494862,2.0,10.277142857142858,0.0,10.277142857142858,-0.04,0.04,0.04,FR,seven_day_same_hour,2024-04-20,-0.0,-0.04
2024-04-20 14:00:00+00:00,-1.737142857142857,-0.0,0.0,2.0,2.0,-0.0,0.0,-0.0,-0.07,-0.0,-0.0,FR,seven_day_same_hour,2024-04-20,-0.0,0.0
2024-04-20 15:00:00+00:00,5.461428571428572,0.0,0.0,2.0,2.0,0.0,0.0,0.0,-0.01,-0.0,-0.0,FR,seven_day_same_hour,2024-04-20,-0.0,-0.0
2024-04-20 16:00:00+00:00,11.804285714285712,0.0,-0.0,2.0,2.0,-0.0,-0.0,0.0,0.04,-0.0,0.0,FR,seven_day_same_hour,2024-04-20,-0.0,0.0
2024-04-20 17:00:00+00:00,36.254285714285714,0.0,0.0,2.0,2.0,0.0,0.0,0.0,10.47,0.0,0.0,FR,seven_day_same_hour,2024-04-20,0.0,0.0
2024-04-20 18:00:00+00:00,46.98428571428571,0.0,0.8486832980505137,2.0,1.105409255338946,39.87477855654763,8.486832980505136,31.387945576042497,15.3,12.98485446017286,4.498021479667724,FR,seven_day_same_hour,2024-04-20,12.98485446017286,0.0
2024-04-20 19:00:00+00:00,49.07,0.0,1.0,1.105409255338946,0.0513167019494862,49.07,10.0,39.07,10.0,10.0,0.0,FR,seven_day_same_hour,2024-04-20,10.0,0.0
2024-04-20 20:00:00+00:00,35.56142857142857,0.0,0.0,0.0513167019494862,0.0513167019494862,0.0,0.0,0.0,14.5,0.0,0.0,FR,seven_day_same_hour,2024-04-20,0.0,0.0
2024-04-20 21:00:00+00:00,31.13,1.0,0.0,0.0513167019494862,1.0,-31.13,0.0,-31.13,39.32,-39.32,-39.32,FR,seven_day_same_hour,2024-04-20,0.0,39.32
2024-04-19 22:00:00+00:00,24.69,0.0,0.9486832980505138,1.0,0.0,23.422990628867183,9.486832980505138,13.936157648362048,24.69,23.422990628867183,13.936157648362048,FR,perfect_foresight,2024-04-20,23.422990628867186,0.0
2024-04-19 23:00:00+00:00,10.0,-0.0,0.0,0.0,-0.0,0.0,0.0,0.0,10.0,0.0,0.0,FR,perfect_foresight,2024-04-20,0.0,-0.0
2024-04-20 00:00:00+00:00,11.39,0.0,0.0,-0.0,0.0,0.0,0.0,0.0,11.39,0.0,0.0,FR,perfect_foresight,2024-04-20,0.0,0.0
2024-04-20 01:00:00+00:00,10.0,0.0,0.0,0.0,-0.0,0.0,0.0,0.0,10.0,0.0,0.0,FR,perfect_foresight,2024-04-20,0.0,0.0
2024-04-20 02:00:00+00:00,9.57,0.0,0.0,-0.0,-0.0,0.0,0.0,0.0,9.57,0.0,0.0,FR,perfect_foresight,2024-04-20,0.0,0.0
2024-04-20 03:00:00+00:00,7.0,0.0,0.0,-0.0,-0.0,0.0,0.0,0.0,7.0,0.0,0.0,FR,perfect_foresight,2024-04-20,0.0,0.0
2024-04-20 04:00:00+00:00,7.54,0.0,0.0,-0.0,-0.0,0.0,0.0,0.0,7.54,0.0,0.0,FR,perfect_foresight,2024-04-20,0.0,0.0
2024-04-20 05:00:00+00:00,8.43,0.0,0.0,-0.0,-0.0,0.0,0.0,0.0,8.43,0.0,0.0,FR,perfect_foresight,2024-04-20,0.0,0.0
2024-04-20 06:00:00+00:00,13.31,0.0,-0.0,-0.0,0.0,-0.0,-0.0,0.0,13.31,-0.0,0.0,FR,perfect_foresight,2024-04-20,-0.0,0.0
2024-04-20 07:00:00+00:00,6.27,0.0,0.0,0.0,0.0,0.0,0.0,0.0,6.27,0.0,0.0,FR,perfect_foresight,2024-04-20,0.0,0.0
2024-04-20 08:00:00+00:00,3.45,0.0,0.0,0.0,0.0,0.0,0.0,0.0,3.45,0.0,0.0,FR,perfect_foresight,2024-04-20,0.0,0.0
2024-04-20 09:00:00+00:00,0.05,0.0,0.0,0.0,0.0,0.0,0.0,0.0,0.05,0.0,0.0,FR,perfect_foresight,2024-04-20,0.0,0.0
2024-04-20 10:00:00+00:00,0.79,0.0,0.0,0.0,0.0,0.0,0.0,0.0,0.79,0.0,0.0,FR,perfect_foresight,2024-04-20,0.0,0.0
2024-04-20 11:00:00+00:00,0.0,0.0,0.0,0.0,0.0,0.0,0.0,0.0,0.0,0.0,0.0,FR,perfect_foresight,2024-04-20,0.0,0.0
2024-04-20 12:00:00+00:00,0.0,0.0,0.0,0.0,0.0,0.0,0.0,0.0,0.0,0.0,0.0,FR,perfect_foresight,2024-04-20,0.0,0.0
2024-04-20 13:00:00+00:00,-0.04,1.0,0.0,0.0,0.9486832980505138,0.04,0.0,0.04,-0.04,0.04,0.04,FR,perfect_foresight,2024-04-20,-0.0,-0.04
2024-04-20 14:00:00+00:00,-0.07,1.0,0.0,0.9486832980505138,1.8973665961010275,0.07,0.0,0.07,-0.07,0.07,0.07,FR,perfect_foresight,2024-04-20,-0.0,-0.07
2024-04-20 15:00:00+00:00,-0.01,0.1081851067789196,0.0,1.8973665961010275,2.0,0.0010818510677891,0.0,0.0010818510677891,-0.01,0.0010818510677891,0.0010818510677891,FR,perfect_foresight,2024-04-20,-0.0,-0.001081851067789196
2024-04-20 16:00:00+00:00,0.04,0.0,0.0,2.0,2.0,0.0,0.0,0.0,0.04,0.0,0.0,FR,perfect_foresight,2024-04-20,0.0,0.0
2024-04-20 17:00:00+00:00,10.47,0.0,-0.0,2.0,2.0,-0.0,-0.0,0.0,10.47,-0.0,0.0,FR,perfect_foresight,2024-04-20,-0.0,0.0
2024-04-20 18:00:00+00:00,15.3,0.0,-0.0,2.0,2.0,-0.0,-0.0,0.0,15.3,-0.0,0.0,FR,perfect_foresight,2024-04-20,-0.0,0.0
2024-04-20 19:00:00+00:00,10.0,0.0,0.0,2.0,2.0,0.0,0.0,0.0,10.0,0.0,0.0,FR,perfect_foresight,2024-04-20,0.0,0.0
2024-04-20 20:00:00+00:00,14.5,0.0,0.0,2.0,2.0,0.0,0.0,0.0,14.5,0.0,0.0,FR,perfect_foresight,2024-04-20,0.0,0.0
2024-04-20 21:00:00+00:00,39.32,0.0,0.9486832980505138,2.0,1.0,37.302227279346205,9.486832980505138,27.815394298841067,39.32,37.302227279346205,27.815394298841067,FR,perfect_foresight,2024-04-20,37.302227279346205,0.0
2024-04-21 22:00:00+00:00,24.69,0.0,0.9486832980505138,1.0,0.0,23.422990628867183,9.486832980505138,13.936157648362048,32.08,30.43376020146048,20.94692722095534,FR,latest_same_hour,2024-04-22,30.43376020146048,0.0
2024-04-21 23:00:00+00:00,10.0,-0.0,0.0,0.0,-0.0,0.0,0.0,0.0,78.05,0.0,0.0,FR,latest_same_hour,2024-04-22,0.0,-0.0
2024-04-22 00:00:00+00:00,11.39,0.0,0.0,-0.0,0.0,0.0,0.0,0.0,78.44,0.0,0.0,FR,latest_same_hour,2024-04-22,0.0,0.0
2024-04-22 01:00:00+00:00,10.0,0.0,0.0,0.0,-0.0,0.0,0.0,0.0,26.29,0.0,0.0,FR,latest_same_hour,2024-04-22,0.0,0.0
2024-04-22 02:00:00+00:00,9.57,0.0,0.0,-0.0,-0.0,0.0,0.0,0.0,10.78,0.0,0.0,FR,latest_same_hour,2024-04-22,0.0,0.0
2024-04-22 03:00:00+00:00,7.0,0.0,0.0,-0.0,-0.0,0.0,0.0,0.0,36.17,0.0,0.0,FR,latest_same_hour,2024-04-22,0.0,0.0
2024-04-22 04:00:00+00:00,7.54,0.0,0.0,-0.0,-0.0,0.0,0.0,0.0,90.5,0.0,0.0,FR,latest_same_hour,2024-04-22,0.0,0.0
2024-04-22 05:00:00+00:00,8.43,0.0,0.0,-0.0,-0.0,0.0,0.0,0.0,125.48,0.0,0.0,FR,latest_same_hour,2024-04-22,0.0,0.0
2024-04-22 06:00:00+00:00,13.31,0.0,-0.0,-0.0,0.0,-0.0,-0.0,0.0,117.46,-0.0,0.0,FR,latest_same_hour,2024-04-22,-0.0,0.0
2024-04-22 07:00:00+00:00,6.27,0.0,0.0,0.0,0.0,0.0,0.0,0.0,97.05,0.0,0.0,FR,latest_same_hour,2024-04-22,0.0,0.0
2024-04-22 08:00:00+00:00,3.45,0.0,0.0,0.0,0.0,0.0,0.0,0.0,48.22,0.0,0.0,FR,latest_same_hour,2024-04-22,0.0,0.0
2024-04-22 09:00:00+00:00,0.05,0.0,0.0,0.0,0.0,0.0,0.0,0.0,14.64,0.0,0.0,FR,latest_same_hour,2024-04-22,0.0,0.0
2024-04-22 10:00:00+00:00,0.79,0.0,0.0,0.0,0.0,0.0,0.0,0.0,33.07,0.0,0.0,FR,latest_same_hour,2024-04-22,0.0,0.0
2024-04-22 11:00:00+00:00,0.0,0.0,0.0,0.0,0.0,0.0,0.0,0.0,44.17,0.0,0.0,FR,latest_same_hour,2024-04-22,0.0,0.0
2024-04-22 12:00:00+00:00,0.0,0.0,0.0,0.0,0.0,0.0,0.0,0.0,18.99,0.0,0.0,FR,latest_same_hour,2024-04-22,0.0,0.0
2024-04-22 13:00:00+00:00,-0.04,1.0,0.0,0.0,0.9486832980505138,0.04,0.0,0.04,11.88,-11.88,-11.88,FR,latest_same_hour,2024-04-22,0.0,11.88
2024-04-22 14:00:00+00:00,-0.07,1.0,0.0,0.9486832980505138,1.8973665961010275,0.07,0.0,0.07,13.73,-13.73,-13.73,FR,latest_same_hour,2024-04-22,0.0,13.73
2024-04-22 15:00:00+00:00,-0.01,0.1081851067789196,0.0,1.8973665961010275,2.0,0.0010818510677891,0.0,0.0010818510677891,40.05,-4.33281352649573,-4.33281352649573,FR,latest_same_hour,2024-04-22,0.0,4.3328135264957295
2024-04-22 16:00:00+00:00,0.04,0.0,0.0,2.0,2.0,0.0,0.0,0.0,56.81,0.0,0.0,FR,latest_same_hour,2024-04-22,0.0,0.0
2024-04-22 17:00:00+00:00,10.47,0.0,-0.0,2.0,2.0,-0.0,-0.0,0.0,73.78,-0.0,0.0,FR,latest_same_hour,2024-04-22,-0.0,0.0
2024-04-22 18:00:00+00:00,15.3,0.0,-0.0,2.0,2.0,-0.0,-0.0,0.0,93.48,-0.0,0.0,FR,latest_same_hour,2024-04-22,-0.0,0.0
2024-04-22 19:00:00+00:00,10.0,0.0,0.0,2.0,2.0,0.0,0.0,0.0,100.33,0.0,0.0,FR,latest_same_hour,2024-04-22,0.0,0.0
2024-04-22 20:00:00+00:00,14.5,0.0,0.0,2.0,2.0,0.0,0.0,0.0,95.67,0.0,0.0,FR,latest_same_hour,2024-04-22,0.0,0.0
2024-04-22 21:00:00+00:00,39.32,0.0,0.9486832980505138,2.0,1.0,37.302227279346205,9.486832980505138,27.815394298841067,93.45,88.65445420282052,79.16762122231538,FR,latest_same_hour,2024-04-22,88.65445420282052,0.0
2024-04-21 22:00:00+00:00,24.434285714285718,0.0,0.9486832980505138,1.0,-0.0,23.180398756937127,9.486832980505138,13.693565776431988,32.08,30.43376020146048,20.94692722095534,FR,seven_day_same_hour,2024-04-22,30.43376020146048,0.0
2024-04-21 23:00:00+00:00,17.018571428571427,0.0,0.0,-0.0,-0.0,0.0,0.0,0.0,78.05,0.0,0.0,FR,seven_day_same_hour,2024-04-22,0.0,0.0
2024-04-22 00:00:00+00:00,14.308571428571428,0.0,0.0,-0.0,0.0,0.0,0.0,0.0,78.44,0.0,0.0,FR,seven_day_same_hour,2024-04-22,0.0,0.0
2024-04-22 01:00:00+00:00,9.1,1.0,0.0,0.0,0.9486832980505138,-9.1,0.0,-9.1,26.29,-26.29,-26.29,FR,seven_day_same_hour,2024-04-22,0.0,26.29
2024-04-22 02:00:00+00:00,9.822857142857144,1.0,0.0,0.9486832980505138,1.8973665961010275,-9.822857142857144,0.0,-9.822857142857144,10.78,-10.78,-10.78,FR,seven_day_same_hour,2024-04-22,0.0,10.78
2024-04-22 03:00:00+00:00,10.322857142857144,0.1081851067789196,0.0,1.8973665961010275,2.0,-1.1167794022635331,0.0,-1.1167794022635331,36.17,-3.913055312193523,-3.913055312193523,FR,seven_day_same_hour,2024-04-22,0.0,3.913055312193522
2024-04-22 04:00:00+00:00,25.042857142857144,-0.0,0.0,2.0,2.0,0.0,0.0,0.0,90.5,0.0,0.0,FR,seven_day_same_hour,2024-04-22,0.0,-0.0
2024-04-22 05:00:00+00:00,46.87428571428571,0.0,1.0,2.0,0.9459074466105402,46.87428571428571,10.0,36.87428571428571,125.48,125.48,115.48,FR,seven_day_same_hour,2024-04-22,125.48,0.0
2024-04-22 06:00:00+00:00,45.04,0.0,0.8973665961010275,0.9459074466105402,0.0,40.41739148839028,8.973665961010276,31.443725527380003,117.46,105.40468037802668,96.4310144170164,FR,seven_day_same_hour,2024-04-22,105.40468037802668,0.0
2024-04-22 07:00:00+00:00,26.272857142857145,-0.0,0.0,0.0,0.0,0.0,0.0,0.0,97.05,0.0,0.0,FR,seven_day_same_hour,2024-04-22,0.0,-0.0
2024-04-22 08:00:00+00:00,12.784285714285716,0.0,-0.0,0.0,0.0,-0.0,-0.0,0.0,48.22,-0.0,0.0,FR,seven_day_same_hour,2024-04-22,-0.0,0.0
2024-04-22 09:00:00+00:00,3.357142857142857,0.0,0.0,0.0,-0.0,0.0,0.0,0.0,14.64,0.0,0.0,FR,seven_day_same_hour,2024-04-22,0.0,0.0
2024-04-22 10:00:00+00:00,3.198571428571429,0.0,0.0,-0.0,-0.0,0.0,0.0,0.0,33.07,0.0,0.0,FR,seven_day_same_hour,2024-04-22,0.0,0.0
2024-04-22 11:00:00+00:00,3.25,0.0,0.0,-0.0,-0.0,0.0,0.0,0.0,44.17,0.0,0.0,FR,seven_day_same_hour,2024-04-22,0.0,0.0
2024-04-22 12:00:00+00:00,1.2857142857142851,0.1081851067789196,0.0,-0.0,0.1026334038989724,-0.1390951372871823,0.0,-0.1390951372871823,18.99,-2.0544351777316834,-2.0544351777316834,FR,seven_day_same_hour,2024-04-22,0.0,2.054435177731683
2024-04-22 13:00:00+00:00,-3.1,1.0,0.0,0.1026334038989724,1.0513167019494862,3.1,0.0,3.1,11.88,-11.88,-11.88,FR,seven_day_same_hour,2024-04-22,0.0,11.88
2024-04-22 14:00:00+00:00,0.9714285714285716,1.0,0.0,1.0513167019494862,2.0,-0.9714285714285716,0.0,-0.9714285714285716,13.73,-13.73,-13.73,FR,seven_day_same_hour,2024-04-22,0.0,13.73
2024-04-22 15:00:00+00:00,5.158571428571428,0.0,0.0,2.0,2.0,0.0,0.0,0.0,40.05,0.0,0.0,FR,seven_day_same_hour,2024-04-22,0.0,0.0
2024-04-22 16:00:00+00:00,11.588571428571427,0.0,-0.0,2.0,2.0,-0.0,-0.0,0.0,56.81,-0.0,0.0,FR,seven_day_same_hour,2024-04-22,-0.0,0.0
2024-04-22 17:00:00+00:00,35.56285714285714,0.0,0.0,2.0,2.0,0.0,0.0,0.0,73.78,0.0,0.0,FR,seven_day_same_hour,2024-04-22,0.0,0.0
2024-04-22 18:00:00+00:00,44.97714285714285,0.0,-0.0,2.0,2.0,-0.0,-0.0,0.0,93.48,-0.0,0.0,FR,seven_day_same_hour,2024-04-22,-0.0,0.0
2024-04-22 19:00:00+00:00,45.53142857142857,0.0,0.9486832980505138,2.0,1.0,43.19490582209425,9.486832980505138,33.708072841589114,100.33,95.18139529340804,85.6945623129029,FR,seven_day_same_hour,2024-04-22,95.18139529340804,0.0
2024-04-22 20:00:00+00:00,33.73142857142857,0.0,0.0,1.0,1.0,0.0,0.0,0.0,95.67,0.0,0.0,FR,seven_day_same_hour,2024-04-22,0.0,0.0
2024-04-22 21:00:00+00:00,35.96142857142857,0.0,0.0,1.0,1.0,0.0,0.0,0.0,93.45,0.0,0.0,FR,seven_day_same_hour,2024-04-22,0.0,0.0
2024-04-21 22:00:00+00:00,32.08,1.0,0.0,1.0,1.9486832980505135,-32.08,0.0,-32.08,32.08,-32.08,-32.08,FR,perfect_foresight,2024-04-22,0.0,32.08
2024-04-21 23:00:00+00:00,78.05,0.0,0.8486832980505137,1.9486832980505135,1.0540925533894598,66.23973141284259,8.486832980505136,57.75289843233745,78.05,66.23973141284259,57.75289843233745,FR,perfect_foresight,2024-04-22,66.23973141284259,0.0
2024-04-22 00:00:00+00:00,78.44,0.0,1.0,1.0540925533894598,0.0,78.44,10.0,68.44,78.44,78.44,68.44,FR,perfect_foresight,2024-04-22,78.44,0.0
2024-04-22 01:00:00+00:00,26.29,1.0,0.0,0.0,0.9486832980505138,-26.29,0.0,-26.29,26.29,-26.29,-26.29,FR,perfect_foresight,2024-04-22,0.0,26.29
2024-04-22 02:00:00+00:00,10.78,1.0,0.0,0.9486832980505138,1.8973665961010275,-10.78,0.0,-10.78,10.78,-10.78,-10.78,FR,perfect_foresight,2024-04-22,0.0,10.78
2024-04-22 03:00:00+00:00,36.17,0.1081851067789196,0.0,1.8973665961010275,2.0,-3.913055312193523,0.0,-3.913055312193523,36.17,-3.913055312193523,-3.913055312193523,FR,perfect_foresight,2024-04-22,0.0,3.913055312193522
2024-04-22 04:00:00+00:00,90.5,-0.0,0.0,2.0,2.0,0.0,0.0,0.0,90.5,0.0,0.0,FR,perfect_foresight,2024-04-22,0.0,-0.0
2024-04-22 05:00:00+00:00,125.48,0.0,1.0,2.0,0.9459074466105402,125.48,10.0,115.48,125.48,125.48,115.48,FR,perfect_foresight,2024-04-22,125.48,0.0
2024-04-22 06:00:00+00:00,117.46,0.0,0.8973665961010275,0.9459074466105402,-0.0,105.40468037802668,8.973665961010276,96.4310144170164,117.46,105.40468037802668,96.4310144170164,FR,perfect_foresight,2024-04-22,105.40468037802668,0.0
2024-04-22 07:00:00+00:00,97.05,0.0,0.0,-0.0,0.0,0.0,0.0,0.0,97.05,0.0,0.0,FR,perfect_foresight,2024-04-22,0.0,0.0
2024-04-22 08:00:00+00:00,48.22,-0.0,0.0,0.0,0.0,0.0,0.0,0.0,48.22,0.0,0.0,FR,perfect_foresight,2024-04-22,0.0,-0.0
2024-04-22 09:00:00+00:00,14.64,1.0,0.0,0.0,0.9486832980505138,-14.64,0.0,-14.64,14.64,-14.64,-14.64,FR,perfect_foresight,2024-04-22,0.0,14.64
2024-04-22 10:00:00+00:00,33.07,0.0,0.0,0.9486832980505138,0.9486832980505138,0.0,0.0,0.0,33.07,0.0,0.0,FR,perfect_foresight,2024-04-22,0.0,0.0
2024-04-22 11:00:00+00:00,44.17,0.0,0.8999999999999999,0.9486832980505138,0.0,39.753,9.0,30.753,44.17,39.753,30.753,FR,perfect_foresight,2024-04-22,39.753,0.0
2024-04-22 12:00:00+00:00,18.99,0.1081851067789196,0.0,0.0,0.1026334038989724,-2.0544351777316834,0.0,-2.0544351777316834,18.99,-2.0544351777316834,-2.0544351777316834,FR,perfect_foresight,2024-04-22,0.0,2.054435177731683
2024-04-22 13:00:00+00:00,11.88,1.0,0.0,0.1026334038989724,1.0513167019494862,-11.88,0.0,-11.88,11.88,-11.88,-11.88,FR,perfect_foresight,2024-04-22,0.0,11.88
2024-04-22 14:00:00+00:00,13.73,1.0,0.0,1.0513167019494862,2.0,-13.73,0.0,-13.73,13.73,-13.73,-13.73,FR,perfect_foresight,2024-04-22,0.0,13.73
2024-04-22 15:00:00+00:00,40.05,0.0,-0.0,2.0,2.0,-0.0,-0.0,0.0,40.05,-0.0,0.0,FR,perfect_foresight,2024-04-22,-0.0,0.0
2024-04-22 16:00:00+00:00,56.81,0.0,-0.0,2.0,2.0,-0.0,-0.0,0.0,56.81,-0.0,0.0,FR,perfect_foresight,2024-04-22,-0.0,0.0
2024-04-22 17:00:00+00:00,73.78,0.0,-0.0,2.0,2.0,-0.0,-0.0,0.0,73.78,-0.0,0.0,FR,perfect_foresight,2024-04-22,-0.0,0.0
2024-04-22 18:00:00+00:00,93.48,0.0,0.0,2.0,2.0,0.0,0.0,0.0,93.48,0.0,0.0,FR,perfect_foresight,2024-04-22,0.0,0.0
2024-04-22 19:00:00+00:00,100.33,0.0,0.9486832980505138,2.0,1.0,95.18139529340804,9.486832980505138,85.6945623129029,100.33,95.18139529340804,85.6945623129029,FR,perfect_foresight,2024-04-22,95.18139529340804,0.0
2024-04-22 20:00:00+00:00,95.67,0.0,0.0,1.0,1.0,0.0,0.0,0.0,95.67,0.0,0.0,FR,perfect_foresight,2024-04-22,0.0,0.0
2024-04-22 21:00:00+00:00,93.45,0.0,0.0,1.0,1.0,0.0,0.0,0.0,93.45,0.0,0.0,FR,perfect_foresight,2024-04-22,0.0,0.0
2024-12-12 23:00:00+00:00,109.44,0.0,0.0,1.0,1.0,0.0,0.0,0.0,130.07,0.0,0.0,FR,latest_same_hour,2024-12-13,0.0,0.0
2024-12-13 00:00:00+00:00,105.7,0.0,0.0,1.0,1.0,0.0,0.0,0.0,122.9,0.0,0.0,FR,latest_same_hour,2024-12-13,0.0,0.0
2024-12-13 01:00:00+00:00,104.17,0.0,0.0,1.0,1.0,0.0,0.0,0.0,118.97,0.0,0.0,FR,latest_same_hour,2024-12-13,0.0,0.0
2024-12-13 02:00:00+00:00,102.62,0.0540925533894598,0.0,1.0,1.0513167019494862,-5.550977828826366,0.0,-5.550977828826366,114.95,-6.217939012118405,-6.217939012118405,FR,latest_same_hour,2024-12-13,0.0,6.217939012118404
2024-12-13 03:00:00+00:00,100.85,1.0,0.0,1.0513167019494862,2.0,-100.85,0.0,-100.85,115.64,-115.64,-115.64,FR,latest_same_hour,2024-12-13,0.0,115.64
2024-12-13 04:00:00+00:00,114.16,0.0,0.0,2.0,2.0,0.0,0.0,0.0,123.96,0.0,0.0,FR,latest_same_hour,2024-12-13,0.0,0.0
2024-12-13 05:00:00+00:00,123.45,0.0,0.0,2.0,2.0,0.0,0.0,0.0,138.0,0.0,0.0,FR,latest_same_hour,2024-12-13,0.0,0.0
2024-12-13 06:00:00+00:00,155.64,-0.0,0.0,2.0,2.0,0.0,0.0,0.0,185.37,0.0,0.0,FR,latest_same_hour,2024-12-13,0.0,-0.0
2024-12-13 07:00:00+00:00,206.85,0.0,0.8973665961010275,2.0,1.0540925533894598,185.62028040349756,8.973665961010276,176.64661444248725,253.0,227.03374881355995,218.06008285254967,FR,latest_same_hour,2024-12-13,227.03374881355995,0.0
2024-12-13 08:00:00+00:00,218.42,0.0,1.0,1.0540925533894598,0.0,218.42,10.0,208.42,245.74,245.74,235.74,FR,latest_same_hour,2024-12-13,245.74,0.0
2024-12-13 09:00:00+00:00,160.15,0.0,0.0,0.0,-0.0,0.0,0.0,0.0,208.42,0.0,0.0,FR,latest_same_hour,2024-12-13,0.0,0.0
2024-12-13 10:00:00+00:00,147.83,0.1081851067789196,0.0,-0.0,0.1026334038989724,-15.99300433512769,0.0,-15.99300433512769,173.78,-18.800407856040653,-18.800407856040653,FR,latest_same_hour,2024-12-13,0.0,18.800407856040646
2024-12-13 11:00:00+00:00,149.99,0.0,0.0,0.1026334038989724,0.1026334038989724,0.0,0.0,0.0,165.6,0.0,0.0,FR,latest_same_hour,2024-12-13,0.0,0.0
2024-12-13 12:00:00+00:00,138.65,1.0,0.0,0.1026334038989724,1.0513167019494862,-138.65,0.0,-138.65,165.0,-165.0,-165.0,FR,latest_same_hour,2024-12-13,0.0,165.0
2024-12-13 13:00:00+00:00,142.05,1.0,0.0,1.0513167019494862,2.0,-142.05,0.0,-142.05,184.5,-184.5,-184.5,FR,latest_same_hour,2024-12-13,0.0,184.5
2024-12-13 14:00:00+00:00,185.04,-0.0,0.0,2.0,2.0,0.0,0.0,0.0,210.0,0.0,0.0,FR,latest_same_hour,2024-12-13,0.0,-0.0
2024-12-13 15:00:00+00:00,237.94,0.0,0.0,2.0,2.0,0.0,0.0,0.0,241.91,0.0,0.0,FR,latest_same_hour,2024-12-13,0.0,0.0
2024-12-13 16:00:00+00:00,274.0,0.0,0.8973665961010275,2.0,1.0540925533894598,245.87844733168157,8.973665961010276,236.9047813706713,284.21,255.04056027787303,246.06689431686277,FR,latest_same_hour,2024-12-13,255.04056027787303,0.0
2024-12-13 17:00:00+00:00,276.0,0.0,1.0,1.0540925533894598,0.0,276.0,10.0,266.0,260.0,260.0,250.0,FR,latest_same_hour,2024-12-13,260.0,0.0
2024-12-13 18:00:00+00:00,255.0,0.0,-0.0,0.0,0.0,-0.0,-0.0,0.0,225.6,-0.0,0.0,FR,latest_same_hour,2024-12-13,-0.0,0.0
2024-12-13 19:00:00+00:00,179.07,0.0,-0.0,0.0,-0.0,-0.0,-0.0,0.0,175.0,-0.0,0.0,FR,latest_same_hour,2024-12-13,-0.0,0.0
2024-12-13 20:00:00+00:00,165.2,0.0,0.0,-0.0,0.0,0.0,0.0,0.0,146.22,0.0,0.0,FR,latest_same_hour,2024-12-13,0.0,0.0
2024-12-13 21:00:00+00:00,150.0,0.0540925533894598,0.0,0.0,0.0513167019494862,-8.113883008418972,0.0,-8.113883008418972,135.09,-7.307363037382126,-7.307363037382126,FR,latest_same_hour,2024-12-13,0.0,7.307363037382125
2024-12-13 22:00:00+00:00,136.1,1.0,0.0,0.0513167019494862,1.0,-136.1,0.0,-136.1,116.52,-116.52,-116.52,FR,latest_same_hour,2024-12-13,0.0,116.52
2024-12-12 23:00:00+00:00,70.15285714285714,0.0,0.851316701949486,1.0,0.1026334038989724,59.72229897519059,8.51316701949486,51.20913195569573,130.07,110.73076342256964,102.2175964030748,FR,seven_day_same_hour,2024-12-13,110.73076342256965,0.0
2024-12-13 00:00:00+00:00,63.15857142857143,0.0,0.0,0.1026334038989724,0.1026334038989724,0.0,0.0,0.0,122.9,0.0,0.0,FR,seven_day_same_hour,2024-12-13,0.0,0.0
2024-12-13 01:00:00+00:00,60.31428571428571,0.0,0.0,0.1026334038989724,0.1026334038989724,0.0,0.0,0.0,118.97,0.0,0.0,FR,seven_day_same_hour,2024-12-13,0.0,0.0
2024-12-13 02:00:00+00:00,52.33571428571429,1.0,0.0,0.1026334038989724,1.0513167019494862,-52.33571428571429,0.0,-52.33571428571429,114.95,-114.95,-114.95,FR,seven_day_same_hour,2024-12-13,0.0,114.95
2024-12-13 03:00:00+00:00,47.97428571428571,1.0,0.0,1.0513167019494862,2.0,-47.97428571428571,0.0,-47.97428571428571,115.64,-115.64,-115.64,FR,seven_day_same_hour,2024-12-13,0.0,115.64
2024-12-13 04:00:00+00:00,54.20285714285715,0.0,0.0,2.0,2.0,0.0,0.0,0.0,123.96,0.0,0.0,FR,seven_day_same_hour,2024-12-13,0.0,0.0
2024-12-13 05:00:00+00:00,74.34,0.0,-0.0,2.0,2.0,-0.0,-0.0,0.0,138.0,-0.0,0.0,FR,seven_day_same_hour,2024-12-13,-0.0,0.0
2024-12-13 06:00:00+00:00,96.70285714285714,0.0,0.0,2.0,2.0,0.0,0.0,0.0,185.37,0.0,0.0,FR,seven_day_same_hour,2024-12-13,0.0,0.0
2024-12-13 07:00:00+00:00,114.67714285714284,0.0,0.8973665961010275,2.0,1.0540925533894598,102.90743733630556,8.973665961010276,93.93377137529528,253.0,227.03374881355995,218.06008285254967,FR,seven_day_same_hour,2024-12-13,227.03374881355995,0.0
2024-12-13 08:00:00+00:00,115.82857142857142,0.0,1.0,1.0540925533894598,-0.0,115.82857142857142,10.0,105.82857142857142,245.74,245.74,235.74,FR,seven_day_same_hour,2024-12-13,245.74,0.0
2024-12-13 09:00:00+00:00,100.94857142857144,0.0,0.0,-0.0,0.0,0.0,0.0,0.0,208.42,0.0,0.0,FR,seven_day_same_hour,2024-12-13,0.0,0.0
2024-12-13 10:00:00+00:00,92.99285714285716,0.1081851067789196,0.0,0.0,0.1026334038989724,-10.06044217967682,0.0,-10.06044217967682,173.78,-18.800407856040653,-18.800407856040653,FR,seven_day_same_hour,2024-12-13,0.0,18.800407856040646
2024-12-13 11:00:00+00:00,94.9914285714286,0.0,0.0,0.1026334038989724,0.1026334038989724,0.0,0.0,0.0,165.6,0.0,0.0,FR,seven_day_same_hour,2024-12-13,0.0,0.0
2024-12-13 12:00:00+00:00,88.82285714285715,1.0,0.0,0.1026334038989724,1.0513167019494862,-88.82285714285715,0.0,-88.82285714285715,165.0,-165.0,-165.0,FR,seven_day_same_hour,2024-12-13,0.0,165.0
2024-12-13 13:00:00+00:00,86.00999999999999,1.0,0.0,1.0513167019494862,2.0,-86.00999999999999,0.0,-86.00999999999999,184.5,-184.5,-184.5,FR,seven_day_same_hour,2024-12-13,0.0,184.5
2024-12-13 14:00:00+00:00,100.74428571428572,0.0,0.0,2.0,2.0,0.0,0.0,0.0,210.0,0.0,0.0,FR,seven_day_same_hour,2024-12-13,0.0,0.0
2024-12-13 15:00:00+00:00,114.82857142857142,0.0,-0.0,2.0,2.0,-0.0,-0.0,0.0,241.91,-0.0,0.0,FR,seven_day_same_hour,2024-12-13,-0.0,0.0
2024-12-13 16:00:00+00:00,132.83142857142855,0.0,0.0,2.0,2.0,0.0,0.0,0.0,284.21,0.0,0.0,FR,seven_day_same_hour,2024-12-13,0.0,0.0
2024-12-13 17:00:00+00:00,142.00142857142856,0.0,1.0,2.0,0.9459074466105402,142.00142857142856,10.0,132.00142857142856,260.0,260.0,250.0,FR,seven_day_same_hour,2024-12-13,260.0,0.0
2024-12-13 18:00:00+00:00,135.73,0.0,0.8973665961010275,0.9459074466105402,0.0,121.79956808879246,8.973665961010276,112.82590212778216,225.6,202.4459040803918,193.47223811938156,FR,seven_day_same_hour,2024-12-13,202.4459040803918,0.0
2024-12-13 19:00:00+00:00,117.29142857142855,0.0,0.0,0.0,-0.0,0.0,0.0,0.0,175.0,0.0,0.0,FR,seven_day_same_hour,2024-12-13,0.0,0.0
2024-12-13 20:00:00+00:00,103.64571428571428,-0.0,0.0,-0.0,0.0,0.0,0.0,0.0,146.22,0.0,0.0,FR,seven_day_same_hour,2024-12-13,0.0,-0.0
2024-12-13 21:00:00+00:00,96.90285714285712,0.0540925533894598,0.0,0.0,0.0513167019494862,-5.241722973591196,0.0,-5.241722973591196,135.09,-7.307363037382126,-7.307363037382126,FR,seven_day_same_hour,2024-12-13,0.0,7.307363037382125
2024-12-13 22:00:00+00:00,85.10571428571428,1.0,0.0,0.0513167019494862,1.0,-85.10571428571428,0.0,-85.10571428571428,116.52,-116.52,-116.52,FR,seven_day_same_hour,2024-12-13,0.0,116.52
2024-12-12 23:00:00+00:00,130.07,0.0,0.0,1.0,1.0,0.0,0.0,0.0,130.07,0.0,0.0,FR,perfect_foresight,2024-12-13,0.0,0.0
2024-12-13 00:00:00+00:00,122.9,0.0,0.0,1.0,1.0,0.0,0.0,0.0,122.9,0.0,0.0,FR,perfect_foresight,2024-12-13,0.0,0.0
2024-12-13 01:00:00+00:00,118.97,0.0,0.0,1.0,1.0,0.0,0.0,0.0,118.97,0.0,0.0,FR,perfect_foresight,2024-12-13,0.0,0.0
2024-12-13 02:00:00+00:00,114.95,1.0,0.0,1.0,1.9486832980505135,-114.95,0.0,-114.95,114.95,-114.95,-114.95,FR,perfect_foresight,2024-12-13,0.0,114.95
2024-12-13 03:00:00+00:00,115.64,0.0540925533894598,0.0,1.9486832980505135,2.0,-6.2552628739571325,0.0,-6.2552628739571325,115.64,-6.2552628739571325,-6.2552628739571325,FR,perfect_foresight,2024-12-13,0.0,6.255262873957132
2024-12-13 04:00:00+00:00,123.96,0.0,0.0,2.0,2.0,0.0,0.0,0.0,123.96,0.0,0.0,FR,perfect_foresight,2024-12-13,0.0,0.0
2024-12-13 05:00:00+00:00,138.0,0.0,0.0,2.0,2.0,0.0,0.0,0.0,138.0,0.0,0.0,FR,perfect_foresight,2024-12-13,0.0,0.0
2024-12-13 06:00:00+00:00,185.37,-0.0,0.0,2.0,2.0,0.0,0.0,0.0,185.37,0.0,0.0,FR,perfect_foresight,2024-12-13,0.0,-0.0
2024-12-13 07:00:00+00:00,253.0,0.0,1.0,2.0,0.9459074466105402,253.0,10.0,243.0,253.0,253.0,243.0,FR,perfect_foresight,2024-12-13,253.0,0.0
2024-12-13 08:00:00+00:00,245.74,0.0,0.8973665961010275,0.9459074466105402,0.0,220.51886732586647,8.973665961010276,211.54520136485624,245.74,220.51886732586647,211.54520136485624,FR,perfect_foresight,2024-12-13,220.51886732586652,0.0
2024-12-13 09:00:00+00:00,208.42,0.0,-0.0,0.0,0.0,-0.0,-0.0,0.0,208.42,-0.0,0.0,FR,perfect_foresight,2024-12-13,-0.0,0.0
2024-12-13 10:00:00+00:00,173.78,0.1081851067789196,0.0,0.0,0.1026334038989724,-18.800407856040653,0.0,-18.800407856040653,173.78,-18.800407856040653,-18.800407856040653,FR,perfect_foresight,2024-12-13,0.0,18.800407856040646
2024-12-13 11:00:00+00:00,165.6,1.0,0.0,0.1026334038989724,1.0513167019494862,-165.6,0.0,-165.6,165.6,-165.6,-165.6,FR,perfect_foresight,2024-12-13,0.0,165.6
2024-12-13 12:00:00+00:00,165.0,1.0,0.0,1.0513167019494862,2.0,-165.0,0.0,-165.0,165.0,-165.0,-165.0,FR,perfect_foresight,2024-12-13,0.0,165.0
2024-12-13 13:00:00+00:00,184.5,0.0,0.0,2.0,2.0,0.0,0.0,0.0,184.5,0.0,0.0,FR,perfect_foresight,2024-12-13,0.0,0.0
2024-12-13 14:00:00+00:00,210.0,0.0,-0.0,2.0,2.0,-0.0,-0.0,0.0,210.0,-0.0,0.0,FR,perfect_foresight,2024-12-13,-0.0,0.0
2024-12-13 15:00:00+00:00,241.91,0.0,0.0,2.0,2.0,0.0,0.0,0.0,241.91,0.0,0.0,FR,perfect_foresight,2024-12-13,0.0,0.0
2024-12-13 16:00:00+00:00,284.21,0.0,1.0,2.0,0.9459074466105402,284.21,10.0,274.21,284.21,284.21,274.21,FR,perfect_foresight,2024-12-13,284.21,0.0
2024-12-13 17:00:00+00:00,260.0,0.0,0.8973665961010275,0.9459074466105402,-0.0,233.3153149862672,8.973665961010276,224.34164902525688,260.0,233.3153149862672,224.34164902525688,FR,perfect_foresight,2024-12-13,233.31531498626717,0.0
2024-12-13 18:00:00+00:00,225.6,0.0,0.0,-0.0,0.0,0.0,0.0,0.0,225.6,0.0,0.0,FR,perfect_foresight,2024-12-13,0.0,0.0
2024-12-13 19:00:00+00:00,175.0,-0.0,0.0,0.0,0.0,0.0,0.0,0.0,175.0,0.0,0.0,FR,perfect_foresight,2024-12-13,0.0,-0.0
2024-12-13 20:00:00+00:00,146.22,0.0,0.0,0.0,-0.0,0.0,0.0,0.0,146.22,0.0,0.0,FR,perfect_foresight,2024-12-13,0.0,0.0
2024-12-13 21:00:00+00:00,135.09,0.0540925533894598,0.0,-0.0,0.0513167019494862,-7.307363037382126,0.0,-7.307363037382126,135.09,-7.307363037382126,-7.307363037382126,FR,perfect_foresight,2024-12-13,0.0,7.307363037382125
2024-12-13 22:00:00+00:00,116.52,1.0,0.0,0.0513167019494862,1.0,-116.52,0.0,-116.52,116.52,-116.52,-116.52,FR,perfect_foresight,2024-12-13,0.0,116.52
