zone,model,month,gross_margin_eur,degradation_eur,net_margin_eur
DE-LU,latest_same_hour,2025-01,2837.73939148134,720.1046426743494,2117.6347488069905
DE-LU,latest_same_hour,2025-02,3600.5347587899587,981.8149682454624,2618.7197905444964
DE-LU,latest_same_hour,2025-03,7255.991226617527,1099.4989597775857,6156.492266839941
DE-LU,latest_same_hour,2025-04,7888.764666857536,1020.2491331479881,6868.5155337095475
DE-LU,latest_same_hour,2025-05,8153.1910725192865,1037.7623001674829,7115.428772351804
DE-LU,latest_same_hour,2025-06,7333.095787742108,942.9993065183904,6390.096481223717
DE-LU,latest_same_hour,2025-07,4625.133251364788,888.0256405573801,3737.107610807407
DE-LU,latest_same_hour,2025-08,6534.988904795658,928.8676363234418,5606.121268472216
DE-LU,latest_same_hour,2025-09,9188.438413780961,1061.1174629530394,8127.3209508279215
DE-LU,perfect_foresight,2025-01,4759.277326124129,719.5914756548545,4039.6858504692746
DE-LU,perfect_foresight,2025-02,4879.425774533732,981.8149682454624,3897.6108062882695
DE-LU,perfect_foresight,2025-03,8828.096006185157,1080.5252938165754,7747.570712368581
DE-LU,perfect_foresight,2025-04,9279.117747445604,1030.2227991089983,8248.894948336605
DE-LU,perfect_foresight,2025-05,9500.563996482288,1027.7886342064726,8472.775362275815
DE-LU,perfect_foresight,2025-06,9120.66125983496,933.9993065183904,8186.6619533165685
DE-LU,perfect_foresight,2025-07,5965.97165977518,887.538807576875,5078.432852198305
DE-LU,perfect_foresight,2025-08,7947.317546090012,929.354469303947,7017.963076786064
DE-LU,perfect_foresight,2025-09,10713.001341464638,1080.0911289140497,9632.910212550589
DE-LU,rf_depth_12_leaf_20,2025-01,2294.3554392568144,666.3679830642466,1627.9874561925674
DE-LU,rf_depth_12_leaf_20,2025-02,2877.224818751075,768.0783086353597,2109.146510115715
DE-LU,rf_depth_12_leaf_20,2025-03,7511.145188696946,1182.0384608360703,6329.106727860876
DE-LU,rf_depth_12_leaf_20,2025-04,8565.589235658472,1108.6042959335446,7456.984939724927
DE-LU,rf_depth_12_leaf_20,2025-05,8932.309103670852,1064.8149682454623,7867.49413542539
DE-LU,rf_depth_12_leaf_20,2025-06,8326.760899218863,983.946638440411,7342.814260778451
DE-LU,rf_depth_12_leaf_20,2025-07,4798.2646353444925,786.7494798887928,4011.515155455699
DE-LU,rf_depth_12_leaf_20,2025-08,7432.345479525203,990.8676363234418,6441.47784320176
DE-LU,rf_depth_12_leaf_20,2025-09,10063.112043853323,1163.472625738596,8899.639418114728
DE-LU,rf_depth_6_leaf_5,2025-01,2863.790985757247,650.3679830642466,2213.4230026930004
DE-LU,rf_depth_6_leaf_5,2025-02,3079.956430852668,822.5651416158648,2257.391289236803
DE-LU,rf_depth_6_leaf_5,2025-03,7815.469499018539,1171.5516278555651,6643.917871162974
DE-LU,rf_depth_6_leaf_5,2025-04,8267.852427923164,1114.1701310310189,7153.682296892145
DE-LU,rf_depth_6_leaf_5,2025-05,8825.456487768193,1074.2754671869777,7751.181020581214
DE-LU,rf_depth_6_leaf_5,2025-06,8219.944660545636,940.5914756548544,7279.3531848907805
DE-LU,rf_depth_6_leaf_5,2025-07,4714.4145798639875,759.236312869298,3955.1782669946897
DE-LU,rf_depth_6_leaf_5,2025-08,7352.38349597319,934.9729724794007,6417.41052349379
DE-LU,rf_depth_6_leaf_5,2025-09,10189.29554888941,1145.4989597775857,9043.796589111822
DE-LU,ridge_alpha_0.1,2025-01,4044.273418119322,795.05197459637,3249.2214435229516
DE-LU,ridge_alpha_0.1,2025-02,4310.260471742265,1062.5252938165754,3247.7351779256887
DE-LU,ridge_alpha_0.1,2025-03,8048.7451804834855,1175.3936236216268,6873.351556861858
DE-LU,ridge_alpha_0.1,2025-04,8709.569478572981,1110.06479487506,7599.50468369792
DE-LU,ridge_alpha_0.1,2025-05,8546.09685298171,1033.4598054599057,7512.637047521804
DE-LU,ridge_alpha_0.1,2025-06,8047.346847466376,850.538807576875,7196.8080398895
DE-LU,ridge_alpha_0.1,2025-07,5051.89354800228,702.1309767133391,4349.762571288941
DE-LU,ridge_alpha_0.1,2025-08,6919.315412341883,855.4598054599059,6063.855606881976
DE-LU,ridge_alpha_0.1,2025-09,10118.155774971701,1120.472625738596,8997.683149233106
DE-LU,seven_day_same_hour,2025-01,4294.9395420636065,787.9466384404111,3506.992903623195
DE-LU,seven_day_same_hour,2025-02,4283.076394703116,1062.5252938165754,3220.5511008865406
DE-LU,seven_day_same_hour,2025-03,7989.832879203479,1176.367289582637,6813.4655896208415
DE-LU,seven_day_same_hour,2025-04,8692.204677180356,1082.6306299725343,7609.574047207822
DE-LU,seven_day_same_hour,2025-05,8735.999108331735,1079.9466384404109,7656.052469891324
DE-LU,seven_day_same_hour,2025-06,7959.660648890637,837.5914756548544,7122.069173235783
DE-LU,seven_day_same_hour,2025-07,4885.903997974393,675.6704777718237,4210.23352020257
DE-LU,seven_day_same_hour,2025-08,7019.327208884246,916.4598054599059,6102.86740342434
DE-LU,seven_day_same_hour,2025-09,10258.567456367764,1138.4199576606165,9120.147498707147
FR,latest_same_hour,2025-01,3091.0214903915644,888.4334714209161,2202.5880189706477
FR,latest_same_hour,2025-02,3091.020363768454,944.4334714209161,2146.5868923475377
FR,latest_same_hour,2025-03,5209.0622959594675,1136.1174629530394,4072.9448330064283
FR,latest_same_hour,2025-04,4831.663617869632,1086.3544693039469,3745.3091485656846
FR,latest_same_hour,2025-05,3344.374498977638,1046.5914756548545,2297.7830233227837
FR,latest_same_hour,2025-06,4546.625565450923,999.4861394988956,3547.1394259520275
FR,latest_same_hour,2025-07,3916.6293870693453,1031.9729724794008,2884.6564145899447
FR,latest_same_hour,2025-08,4787.936742377855,1052.841302284452,3735.095440093402
FR,latest_same_hour,2025-09,3731.2513562198,1091.459805459906,2639.791550759894
FR,perfect_foresight,2025-01,4481.337375859234,879.946638440411,3601.390737418823
FR,perfect_foresight,2025-02,4211.117576204506,942.946638440411,3268.170937764095
FR,perfect_foresight,2025-03,6896.741974189715,1118.6306299725343,5778.11134421718
FR,perfect_foresight,2025-04,7328.474395473198,1104.8149682454623,6223.659427227734
FR,perfect_foresight,2025-05,4892.130589359112,1019.130976713339,3872.9996126457722
FR,perfect_foresight,2025-06,6188.124036278612,998.4861394988956,5189.637896779716
FR,perfect_foresight,2025-07,5480.532076395458,1051.4334714209162,4429.098604974542
FR,perfect_foresight,2025-08,6207.466238854218,1042.9203044014214,5164.545934452796
FR,perfect_foresight,2025-09,5452.349965966802,1111.3808033429368,4340.9691626238655
FR,rf_depth_12_leaf_5,2025-01,965.0404314382595,426.49965325919527,538.5407781790643
FR,rf_depth_12_leaf_5,2025-02,1075.3154841621117,369.0918223956593,706.2236617664523
FR,rf_depth_12_leaf_5,2025-03,4948.522720723789,1095.1964650700086,3853.3262556537793
FR,rf_depth_12_leaf_5,2025-04,5911.406742058026,1172.1437969920291,4739.262945065997
FR,rf_depth_12_leaf_5,2025-05,3766.3882286425464,1014.946638440411,2751.441590202135
FR,rf_depth_12_leaf_5,2025-06,4822.086093942326,975.9729724794007,3846.113121462926
FR,rf_depth_12_leaf_5,2025-07,4073.595861315184,874.1046426743494,3199.491218640834
FR,rf_depth_12_leaf_5,2025-08,4975.211487787951,920.538807576875,4054.6726802110757
FR,rf_depth_12_leaf_5,2025-09,4011.134988182884,1009.946638440411,3001.188349742473
FR,rf_depth_6_leaf_20,2025-01,1252.3943552170908,438.63132345414385,813.7630317629469
FR,rf_depth_6_leaf_20,2025-02,1298.291565119909,354.6839915321233,943.6075735877855
FR,rf_depth_6_leaf_20,2025-03,5456.403807047965,1041.6832980505137,4414.72050899745
FR,rf_depth_6_leaf_20,2025-04,6119.053651982417,1126.7096320895034,4992.344019892914
FR,rf_depth_6_leaf_20,2025-05,3874.2253417266115,931.9993065183904,2942.226035208221
FR,rf_depth_6_leaf_20,2025-06,5021.038250006954,876.9993065183904,4144.038943488563
FR,rf_depth_6_leaf_20,2025-07,4290.38753476256,823.0783086353597,3467.3092261271995
FR,rf_depth_6_leaf_20,2025-08,5028.539455872552,815.05197459637,4213.487481276182
FR,rf_depth_6_leaf_20,2025-09,4383.908093720858,1001.9729724794007,3381.9351212414576
FR,ridge_alpha_10,2025-01,3767.119898943222,969.8939703624316,2797.2259285807904
FR,ridge_alpha_10,2025-02,3751.530988623418,1081.7623001674829,2669.768688455935
FR,ridge_alpha_10,2025-03,6065.335964243991,1162.1437969920291,4903.192167251962
FR,ridge_alpha_10,2025-04,6011.96552632552,1128.7623001674829,4883.203226158037
FR,ridge_alpha_10,2025-05,3842.4442865838773,935.1309767133391,2907.313309870538
FR,ridge_alpha_10,2025-06,4899.11564880133,917.5914756548544,3981.5241731464753
FR,ridge_alpha_10,2025-07,4263.922453195356,812.1309767133391,3451.791476482017
FR,ridge_alpha_10,2025-08,5004.952144438809,912.5651416158647,4092.3870028229444
FR,ridge_alpha_10,2025-09,4180.715674321929,1059.9203044014212,3120.7953699205077
FR,seven_day_same_hour,2025-01,3740.001900037003,959.3808033429367,2780.6210966940657
FR,seven_day_same_hour,2025-02,3744.4704093637883,1083.2227991089983,2661.24761025479
FR,seven_day_same_hour,2025-03,6134.0303644272535,1188.6306299725343,4945.399734454719
FR,seven_day_same_hour,2025-04,6288.977386281669,1170.7096320895034,5118.267754192166
FR,seven_day_same_hour,2025-05,4138.660665344127,1202.0519745963697,2936.608690747757
FR,seven_day_same_hour,2025-06,5125.634716811173,961.0256405573801,4164.609076253793
FR,seven_day_same_hour,2025-07,4279.4512596989025,917.6968118108133,3361.7544478880886
FR,seven_day_same_hour,2025-08,5135.168826165245,961.6441437328339,4173.524682432411
FR,seven_day_same_hour,2025-09,4632.332625168703,1141.249133147988,3491.0834920207153
