zone,stage,model,month,gross_margin_eur,degradation_eur,net_margin_eur,discharged_mwh
DE-LU,evaluation,latest_same_hour,2024-09,7878.815734381643,1079.0911289140497,6799.724605467593,107.90911289140497
DE-LU,evaluation,latest_same_hour,2024-10,6018.719850931729,1127.0384608360703,4891.681390095659,112.70384608360703
DE-LU,evaluation,latest_same_hour,2024-11,5282.911868969539,881.354469303947,4401.557399665592,88.13544693039469
DE-LU,evaluation,latest_same_hour,2024-12,3671.5512918213794,775.1046426743494,2896.4466491470303,77.51046426743494
DE-LU,evaluation,perfect_foresight,2024-09,8910.332520897411,1106.5779618945548,7803.754559002857,110.65779618945548
DE-LU,evaluation,perfect_foresight,2024-10,7375.0084727882,1109.0384608360703,6265.970011952129,110.90384608360702
DE-LU,evaluation,perfect_foresight,2024-11,6643.780605629656,862.9203044014213,5780.860301228235,86.29203044014213
DE-LU,evaluation,perfect_foresight,2024-12,5893.27739101779,755.5914756548545,5137.685915362936,75.55914756548545
DE-LU,evaluation,rf_depth_12_leaf_20,2024-09,8281.79053739466,1156.4989597775857,7125.291577617073,115.64989597775858
DE-LU,evaluation,rf_depth_12_leaf_20,2024-10,6815.369819348359,1259.3146215046577,5556.055197843701,125.93146215046576
DE-LU,evaluation,rf_depth_12_leaf_20,2024-11,5621.110040116149,1064.7886342064728,4556.321405909676,106.47886342064727
DE-LU,evaluation,rf_depth_12_leaf_20,2024-12,3385.2407745867035,766.1046426743494,2619.1361319123544,76.61046426743493
DE-LU,evaluation,rf_depth_6_leaf_5,2024-09,8234.947380627445,1148.9594587191011,7085.987921908345,114.89594587191011
DE-LU,evaluation,rf_depth_6_leaf_5,2024-10,6867.843791569607,1238.3936236216268,5629.45016794798,123.83936236216269
DE-LU,evaluation,rf_depth_6_leaf_5,2024-11,5604.405819812362,1008.3281352649573,4596.077684547405,100.83281352649573
DE-LU,evaluation,rf_depth_6_leaf_5,2024-12,3557.7009015131416,847.1309767133391,2710.5699247998023,84.71309767133391
DE-LU,evaluation,ridge_alpha_0.1,2024-09,8452.959619656598,1128.472625738596,7324.486993918003,112.8472625738596
DE-LU,evaluation,ridge_alpha_0.1,2024-10,6912.5611934074095,1176.367289582637,5736.193903824773,117.6367289582637
DE-LU,evaluation,ridge_alpha_0.1,2024-11,5883.6298100762,1109.0911289140497,4774.538681162149,110.90911289140497
DE-LU,evaluation,ridge_alpha_0.1,2024-12,4592.2970742150255,934.5124735378853,3657.7846006771397,93.45124735378853
DE-LU,evaluation,seven_day_same_hour,2024-09,8533.301085432584,1138.4199576606165,7394.881127771968,113.84199576606166
DE-LU,evaluation,seven_day_same_hour,2024-10,6923.300123213743,1176.367289582637,5746.9328336311055,117.6367289582637
DE-LU,evaluation,seven_day_same_hour,2024-11,5883.143556642205,1072.8149682454625,4810.328588396743,107.28149682454624
DE-LU,evaluation,seven_day_same_hour,2024-12,4551.366539908912,839.1836447913186,3712.1828951175935,83.91836447913185
DE-LU,validation,latest_same_hour,2024-07,5860.195846393902,1068.2227991089983,4791.973047284903,106.82227991089984
DE-LU,validation,latest_same_hour,2024-08,7256.66463464017,1032.7623001674829,6223.9023344726875,103.2762300167483
DE-LU,validation,rf_depth_12_leaf_20,2024-07,7018.920026056553,1162.1701310310189,5856.749895025534,116.21701310310189
DE-LU,validation,rf_depth_12_leaf_20,2024-08,8055.082220298872,1199.249133147988,6855.833087150883,119.9249133147988
DE-LU,validation,rf_depth_12_leaf_5,2024-07,6895.611074340751,1232.5779618945548,5663.033112446195,123.25779618945549
DE-LU,validation,rf_depth_12_leaf_5,2024-08,8159.235824781164,1128.3018012259674,7030.934023555197,112.83018012259676
DE-LU,validation,rf_depth_6_leaf_20,2024-07,7031.085582493205,1126.1701310310189,5904.915451462186,112.6170131031019
DE-LU,validation,rf_depth_6_leaf_20,2024-08,8013.714520276204,1160.841302284452,6852.873217991752,116.0841302284452
DE-LU,validation,rf_depth_6_leaf_5,2024-07,7098.964403836654,1159.6306299725343,5939.333773864119,115.96306299725343
DE-LU,validation,rf_depth_6_leaf_5,2024-08,8232.0404213152,1114.8676363234417,7117.172784991757,111.48676363234418
DE-LU,validation,ridge_alpha_0.1,2024-07,6995.469185492765,1124.2227991089983,5871.246386383767,112.42227991089983
DE-LU,validation,ridge_alpha_0.1,2024-08,8212.779859478982,1089.1964650700086,7123.583394408973,108.91964650700086
DE-LU,validation,ridge_alpha_1,2024-07,6995.469185492765,1124.2227991089983,5871.246386383767,112.42227991089983
DE-LU,validation,ridge_alpha_1,2024-08,8212.779859478982,1089.1964650700086,7123.583394408973,108.91964650700086
DE-LU,validation,ridge_alpha_10,2024-07,6964.448288207072,1115.7359661284931,5848.712322078579,111.57359661284931
DE-LU,validation,ridge_alpha_10,2024-08,8190.069094423149,1080.7096320895034,7109.359462333646,108.07096320895035
DE-LU,validation,ridge_alpha_100,2024-07,6991.269945511711,1098.249133147988,5893.020812363722,109.8249133147988
DE-LU,validation,ridge_alpha_100,2024-08,8116.271748026255,1054.2754671869777,7061.9962808392775,105.42754671869778
DE-LU,validation,seven_day_same_hour,2024-07,7284.293972166966,1214.6832980505137,6069.610674116452,121.46832980505137
DE-LU,validation,seven_day_same_hour,2024-08,8359.606615526467,1135.4989597775857,7224.1076557488805,113.54989597775857
FR,evaluation,latest_same_hour,2024-09,5002.030597694934,1220.6832980505137,3781.34729964442,122.06832980505138
FR,evaluation,latest_same_hour,2024-10,4236.43798030236,1254.5779618945548,2981.860018407805,125.4577961894555
FR,evaluation,latest_same_hour,2024-11,2142.9275831096875,940.9993065183904,1201.9282765912967,94.09993065183905
FR,evaluation,latest_same_hour,2024-12,2910.574161314597,929.0519745963699,1981.522186718227,92.905197459637
FR,evaluation,perfect_foresight,2024-09,6663.690327451553,1210.1964650700086,5453.493862381544,121.01964650700086
FR,evaluation,perfect_foresight,2024-10,6239.299077194401,1264.06479487506,4975.234282319341,126.406479487506
FR,evaluation,perfect_foresight,2024-11,3667.032846763791,922.538807576875,2744.494039186916,92.2538807576875
FR,evaluation,perfect_foresight,2024-12,4402.006585538955,901.05197459637,3500.954610942585,90.10519745963698
FR,evaluation,rf_depth_12_leaf_5,2024-09,5582.695877009377,1249.9857927580908,4332.7100842512855,124.99857927580908
FR,evaluation,rf_depth_12_leaf_5,2024-10,4550.335003095728,1264.1701310310189,3286.1648720647095,126.4170131031019
FR,evaluation,rf_depth_12_leaf_5,2024-11,1993.858863042801,780.2099788303083,1213.6488842124925,78.02099788303083
FR,evaluation,rf_depth_12_leaf_5,2024-12,1896.6209335985343,796.2626469082877,1100.3582866902466,79.62626469082876
FR,evaluation,rf_depth_6_leaf_20,2024-09,5657.140223311008,1199.0384608360703,4458.101762474938,119.90384608360702
FR,evaluation,rf_depth_6_leaf_20,2024-10,5077.458285843298,1276.9594587191011,3800.4988271241964,127.69594587191011
FR,evaluation,rf_depth_6_leaf_20,2024-11,2022.7243045561415,751.6704777718237,1271.0538267843178,75.16704777718236
FR,evaluation,rf_depth_6_leaf_20,2024-12,2273.9029584470636,652.9074841227311,1620.9954743243322,65.29074841227312
FR,evaluation,ridge_alpha_10,2024-09,5642.532880253954,1271.1174629530394,4371.415417300915,127.11174629530394
FR,evaluation,ridge_alpha_10,2024-10,5133.570358284893,1310.0384608360703,3823.5318974488223,131.00384608360702
FR,evaluation,ridge_alpha_10,2024-11,2903.054303177134,1062.3018012259677,1840.7525019511666,106.23018012259675
FR,evaluation,ridge_alpha_10,2024-12,3526.452424761115,1014.5124735378853,2511.93995122323,101.45124735378853
FR,evaluation,seven_day_same_hour,2024-09,5762.082393476588,1317.472625738596,4444.609767737992,131.7472625738596
FR,evaluation,seven_day_same_hour,2024-10,5375.2520065571025,1416.472625738596,3958.7793808185065,141.6472625738596
FR,evaluation,seven_day_same_hour,2024-11,2922.7802949637266,1066.6832980505137,1856.0969969132125,106.66832980505139
FR,evaluation,seven_day_same_hour,2024-12,3683.6333554485436,1085.5388075768751,2598.0945478716685,108.55388075768751
FR,validation,latest_same_hour,2024-07,3714.735875999111,1017.5124735378853,2697.2234024612258,101.75124735378853
FR,validation,latest_same_hour,2024-08,3894.380018295615,1019.4334714209161,2874.946546874699,101.94334714209161
FR,validation,rf_depth_12_leaf_20,2024-07,4203.150180592312,900.5914756548545,3302.558704937457,90.05914756548545
FR,validation,rf_depth_12_leaf_20,2024-08,4058.4157484249804,896.5651416158648,3161.8506068091156,89.65651416158647
FR,validation,rf_depth_12_leaf_5,2024-07,4065.036806550428,863.6968118108134,3201.3399947396147,86.36968118108133
FR,validation,rf_depth_12_leaf_5,2024-08,3798.433508237115,937.644143732834,2860.789364504281,93.76441437328339
FR,validation,rf_depth_6_leaf_20,2024-07,4243.419555500047,882.05197459637,3361.3675809036763,88.20519745963699
FR,validation,rf_depth_6_leaf_20,2024-08,4069.057342613688,901.5388075768751,3167.5185350368124,90.1538807576875
FR,validation,rf_depth_6_leaf_5,2024-07,4176.721251774458,853.05197459637,3323.6692771780886,85.30519745963699
FR,validation,rf_depth_6_leaf_5,2024-08,3972.9619899977265,854.5914756548545,3118.370514342872,85.45914756548545
FR,validation,ridge_alpha_0.1,2024-07,4374.734632735914,939.4334714209161,3435.301161314997,93.94334714209161
FR,validation,ridge_alpha_0.1,2024-08,4308.063697174356,980.9729724794007,3327.0907246949555,98.09729724794008
FR,validation,ridge_alpha_1,2024-07,4374.734632735914,939.4334714209161,3435.301161314997,93.94334714209161
FR,validation,ridge_alpha_1,2024-08,4308.062615323288,980.9729724794007,3327.0896428438873,98.09729724794008
FR,validation,ridge_alpha_10,2024-07,4372.165680411799,936.4598054599059,3435.7058749518933,93.64598054599058
FR,validation,ridge_alpha_10,2024-08,4320.1376654881415,978.4861394988956,3341.651525989246,97.84861394988955
FR,validation,ridge_alpha_100,2024-07,4289.656563132349,867.538807576875,3422.117755555474,86.7538807576875
FR,validation,ridge_alpha_100,2024-08,4217.643501605574,955.0256405573801,3262.6178610481934,95.50256405573802
FR,validation,seven_day_same_hour,2024-07,4622.401978416017,1004.3281352649573,3618.07384315106,100.43281352649572
FR,validation,seven_day_same_hour,2024-08,4610.040412350187,1094.2754671869777,3515.7649451632087,109.42754671869778
