zone,stage,model,hours,days,mae_eur_mwh,rmse_eur_mwh,gross_margin_eur,degradation_eur,net_margin_eur,oracle_gap_eur,discharged_mwh,loss_days,worst_day_eur,spike_actual_hours,spike_predicted_hours,spike_precision,spike_recall,negative_actual_hours,negative_predicted_hours,negative_precision,negative_recall
DE-LU,validation,latest_same_hour,1464,61,32.57706284153005,44.10695532985637,13116.860481034073,2100.9850992764814,11015.875381757589,4151.10950210311,210.09850992764814,0,7.0202220681151815,21,19,0.2631578947368421,0.23809523809523808,147,153,0.27450980392156865,0.2857142857142857
DE-LU,validation,seven_day_same_hour,1464,61,27.56364851678376,35.94246847910756,15643.900587693435,2350.1822578281,13293.718329865333,1873.266553995368,235.0182257828099,0,9.862936479551564,21,0,,0.0,147,13,0.07692307692307693,0.006802721088435374
DE-LU,validation,ridge_alpha_0.1,1464,61,23.86787147327746,30.420994822019686,15208.249044971746,2213.4192641790064,12994.82978079274,2172.155103067962,221.34192641790074,0,5.058713803124817,21,0,,0.0,147,28,0.5714285714285714,0.10884353741496598
DE-LU,validation,ridge_alpha_1,1464,61,23.868667108400413,30.42164008970454,15208.249044971746,2213.4192641790064,12994.82978079274,2172.155103067962,221.34192641790074,0,5.058713803124817,21,0,,0.0,147,28,0.5714285714285714,0.10884353741496598
DE-LU,validation,ridge_alpha_10,1464,61,23.876618881827998,30.429481328128993,15154.517382630222,2196.4455982179966,12958.071784412223,2208.913099448476,219.64455982179967,0,5.058713803124817,21,0,,0.0,147,26,0.5769230769230769,0.10204081632653061
DE-LU,validation,ridge_alpha_100,1464,61,23.997055634508065,30.586169745595846,15107.541693537965,2152.524600334966,12955.017093203,2211.9677906577012,215.2524600334966,0,5.058713803124817,21,0,,0.0,147,16,0.5625,0.061224489795918366
DE-LU,validation,rf_depth_6_leaf_5,1464,61,23.84204244655726,31.223942460832188,15331.004825151851,2274.4982662959765,13056.506558855877,2110.478325004825,227.44982662959754,0,9.862936479551564,21,0,,0.0,147,64,0.609375,0.2653061224489796
DE-LU,validation,rf_depth_6_leaf_20,1464,61,23.798636040300554,31.19994315635321,15044.800102769406,2287.011433315471,12757.78866945394,2409.1962144067634,228.70114333154706,0,11.569312391011046,21,0,,0.0,147,50,0.54,0.1836734693877551
DE-LU,validation,rf_depth_12_leaf_5,1464,61,23.957164426089363,31.167439464569078,15054.846899121916,2360.879763120522,12693.967136001393,2473.0177478593077,236.08797631205223,0,5.079164245568421,21,0,,0.0,147,75,0.5866666666666667,0.29931972789115646
DE-LU,validation,rf_depth_12_leaf_20,1464,61,23.72512498508594,30.96054962600836,15074.002246355425,2361.4192641790073,12712.582982176418,2454.401901684284,236.14192641790066,0,0.3961304434261388,21,0,,0.0,147,50,0.52,0.17687074829931973
FR,validation,latest_same_hour,1464,61,30.14741120218579,37.576200855018875,7609.115894294728,2036.9459449588016,5572.169949335925,3378.4629078136954,203.69459449588015,1,-40.27746265441075,0,0,,,96,101,0.1782178217821782,0.1875
FR,validation,seven_day_same_hour,1464,61,26.639101288056203,32.21295208940526,9232.442390766206,2098.6036024519353,7133.838788314269,1816.7940688353513,209.8603602451935,0,7.3662660392919435,0,0,,,96,24,0.0,0.0
FR,validation,ridge_alpha_0.1,1464,61,23.085921480656786,28.21981727203016,8682.79832991027,1920.406443900317,6762.391886009953,2188.240971139668,192.04064439003167,0,6.282302534248885,0,0,,,96,36,0.6666666666666666,0.25
FR,validation,ridge_alpha_1,1464,61,23.091022094800117,28.221510496597073,8682.797248059202,1920.406443900317,6762.390804158884,2188.242052990736,192.04064439003167,0,6.282302534248885,0,0,,,96,35,0.6571428571428571,0.23958333333333334
FR,validation,ridge_alpha_10,1464,61,23.14322879330196,28.242159825005235,8692.303345899942,1914.9459449588016,6777.357400941139,2173.2754562084806,191.49459449588014,0,6.282302534248885,0,0,,,96,33,0.6666666666666666,0.22916666666666666
FR,validation,ridge_alpha_100,1464,61,23.629758794806918,28.54955816287763,8507.300064737923,1822.5644481342554,6684.735616603667,2265.897240545952,182.25644481342553,0,7.3662660392919435,0,0,,,96,25,0.6,0.15625
FR,validation,rf_depth_6_leaf_5,1464,61,23.716312090519736,28.607886530558986,8149.6832417721835,1707.6434502512245,6442.0397915209605,2508.593065628659,170.76434502512242,1,-30.61435154329962,0,0,,,96,32,0.875,0.2916666666666667
FR,validation,rf_depth_6_leaf_20,1464,61,23.80656169980239,28.680978228060216,8312.476898113733,1783.590782173245,6528.88611594049,2421.7467412091305,178.3590782173245,1,-30.61435154329962,0,0,,,96,28,0.8928571428571429,0.2604166666666667
FR,validation,rf_depth_12_leaf_5,1464,61,22.932735258498475,27.91786399223702,7863.470314787543,1801.3409555436474,6062.129359243896,2888.503497905724,180.1340955543647,4,-34.87251173848587,0,0,,,96,37,0.8378378378378378,0.3229166666666667
FR,validation,rf_depth_12_leaf_20,1464,61,23.510930193230582,28.33793536734917,8261.565929017292,1797.1566172707194,6464.4093117465745,2486.223545403047,179.71566172707193,1,-30.61435154329962,0,0,,,96,28,0.8928571428571429,0.2604166666666667
DE-LU,evaluation,latest_same_hour,2929,122,46.4701024240355,79.44199718965007,22851.99874610429,3862.5887017284167,18989.410044375876,5998.860743170283,386.2588701728417,12,-64.6234906764983,99,99,0.18181818181818182,0.18181818181818182,84,86,0.06976744186046512,0.07142857142857142
DE-LU,evaluation,seven_day_same_hour,2929,122,39.87882261132518,65.85210265332539,25891.111305197443,4226.785860280035,21664.32544491741,3323.9453426287464,422.67858602800345,5,-19.180157541912877,99,116,0.04310344827586207,0.050505050505050504,84,0,,0.0
DE-LU,evaluation,ridge_alpha_0.1,2929,122,41.51601468108425,67.07541119442831,25841.44769735523,4348.443517773168,21493.00417958207,3495.2666079640917,434.8443517773168,6,-46.9581139215085,99,93,0.07526881720430108,0.0707070707070707,84,11,0.36363636363636365,0.047619047619047616
DE-LU,evaluation,rf_depth_6_leaf_5,2929,122,35.08857533819086,59.65161448215378,24264.89789352256,4242.812194319024,20022.08569920353,4966.185088342625,424.28121943190246,8,-73.73451176278196,99,0,,0.0,84,47,0.5319148936170213,0.2976190476190476
DE-LU,evaluation,rf_depth_12_leaf_20,2929,122,35.46123803221582,59.84512333858047,24103.511171445865,4246.706858163065,19856.804313282806,5131.466474263351,424.67068581630656,11,-41.87553530364457,99,0,,0.0,84,46,0.4782608695652174,0.2619047619047619
DE-LU,evaluation,perfect_foresight,2929,122,0.0,0.0,28822.39899033306,3834.128202786902,24988.270787546156,0.0,383.41282027869016,0,10.998203737495821,99,99,1.0,1.0,84,84,1.0,1.0
FR,evaluation,latest_same_hour,2929,122,31.482881529532257,42.547329368535856,14291.97032242158,4345.3125410598295,9946.65778136175,6727.519013468637,434.5312541059829,11,-56.57101906260104,25,25,0.24,0.24,30,30,0.1,0.1
FR,evaluation,seven_day_same_hour,2929,122,28.456377603277573,36.53536714516563,17743.74805044596,4886.167357104581,12857.580693341379,3816.5961014890067,488.6167357104581,4,-35.76547028369629,25,0,,0.0,30,2,0.0,0.0
FR,evaluation,ridge_alpha_10,2929,122,27.5093687733521,33.910575351035845,17205.6099664771,4657.970198552963,12547.639767924133,4126.537026906253,465.7970198552963,5,-42.614608663634215,25,0,,0.0,30,14,0.35714285714285715,0.16666666666666666
FR,evaluation,rf_depth_6_leaf_20,2929,122,27.259226970838558,34.16436315929124,15031.225772157512,3880.5758814497267,11150.649890707782,5523.526904122602,388.05758814497256,6,-68.84456413076245,25,0,,0.0,30,31,0.3225806451612903,0.3333333333333333
FR,evaluation,rf_depth_12_leaf_5,2929,122,27.654256655095946,34.520910183982814,14023.510676746442,4090.6285495277057,9932.882127218736,6741.294667611653,409.0628549527706,11,-61.23285061863076,25,0,,0.0,30,35,0.3142857142857143,0.36666666666666664
FR,evaluation,perfect_foresight,2929,122,0.0,0.0,20972.0288369487,4297.852042118314,16674.176794830386,0.0,429.78520421183134,0,17.455527749383307,25,25,1.0,1.0,30,30,1.0,1.0
