zone,model,day_cet,net_difference_vs_seven_day_eur
DE-LU,latest_same_hour,2024-09-01,0.5545958423676325
DE-LU,latest_same_hour,2024-09-02,-13.881161904513931
DE-LU,latest_same_hour,2024-09-03,-59.64349412959541
DE-LU,latest_same_hour,2024-09-04,2.4601187191175313
DE-LU,latest_same_hour,2024-09-05,-3.138825745591504
DE-LU,latest_same_hour,2024-09-06,-2.9932243736331543
DE-LU,latest_same_hour,2024-09-07,-2.5714836281578357
DE-LU,latest_same_hour,2024-09-08,-0.5490065414319929
DE-LU,latest_same_hour,2024-09-09,-54.34292564741901
DE-LU,latest_same_hour,2024-09-10,-97.09533439683733
DE-LU,latest_same_hour,2024-09-11,-32.38517043211638
DE-LU,latest_same_hour,2024-09-12,-6.928414486807753
DE-LU,latest_same_hour,2024-09-13,-27.913991416623162
DE-LU,latest_same_hour,2024-09-14,-1.1771956590518187
DE-LU,latest_same_hour,2024-09-15,-7.342556370678096
DE-LU,latest_same_hour,2024-09-16,4.656390642884205
DE-LU,latest_same_hour,2024-09-17,-37.61314841510321
DE-LU,latest_same_hour,2024-09-18,-48.83391430640228
DE-LU,latest_same_hour,2024-09-19,10.640963131950286
DE-LU,latest_same_hour,2024-09-20,7.989973645723126
DE-LU,latest_same_hour,2024-09-21,16.91580919531944
DE-LU,latest_same_hour,2024-09-22,-6.980000000000018
DE-LU,latest_same_hour,2024-09-23,-111.41433876355012
DE-LU,latest_same_hour,2024-09-24,-73.6644286180375
DE-LU,latest_same_hour,2024-09-25,2.781397861511323
DE-LU,latest_same_hour,2024-09-26,-1.8926984430972027
DE-LU,latest_same_hour,2024-09-27,1.751052611315771
DE-LU,latest_same_hour,2024-09-28,-12.108596011666421
DE-LU,latest_same_hour,2024-09-29,-1.5951312950730312
DE-LU,latest_same_hour,2024-09-30,-38.84178336917677
DE-LU,latest_same_hour,2024-10-01,-4.632534796735996
DE-LU,latest_same_hour,2024-10-02,-26.653925740705603
DE-LU,latest_same_hour,2024-10-03,7.089928401107599
DE-LU,latest_same_hour,2024-10-04,-16.742740427115706
DE-LU,latest_same_hour,2024-10-05,-8.48192394110825
DE-LU,latest_same_hour,2024-10-06,-4.690946338342883
DE-LU,latest_same_hour,2024-10-07,-7.450380972641597
DE-LU,latest_same_hour,2024-10-08,-34.80496624447426
DE-LU,latest_same_hour,2024-10-09,6.503168481482419
DE-LU,latest_same_hour,2024-10-10,-39.337781906201315
DE-LU,latest_same_hour,2024-10-11,-2.93139924649887
DE-LU,latest_same_hour,2024-10-12,-18.057365941119485
DE-LU,latest_same_hour,2024-10-13,7.312882124412852
DE-LU,latest_same_hour,2024-10-14,-180.3241182344226
DE-LU,latest_same_hour,2024-10-15,-227.750450366271
DE-LU,latest_same_hour,2024-10-16,-1.2073457916527275
DE-LU,latest_same_hour,2024-10-17,-45.41678338842678
DE-LU,latest_same_hour,2024-10-18,-16.879428767098403
DE-LU,latest_same_hour,2024-10-19,-2.813680205764385
DE-LU,latest_same_hour,2024-10-20,0.39758026741253616
DE-LU,latest_same_hour,2024-10-21,-105.59810335097336
DE-LU,latest_same_hour,2024-10-22,-103.56172542998175
DE-LU,latest_same_hour,2024-10-23,-10.698286657167102
DE-LU,latest_same_hour,2024-10-24,-0.7723959656640034
DE-LU,latest_same_hour,2024-10-25,-1.2656583509747463
DE-LU,latest_same_hour,2024-10-26,6.340208198482969
DE-LU,latest_same_hour,2024-10-27,18.98414109710211
DE-LU,latest_same_hour,2024-10-28,-24.923683504861458
DE-LU,latest_same_hour,2024-10-29,-4.456092589913737
DE-LU,latest_same_hour,2024-10-30,-7.794630554948199
DE-LU,latest_same_hour,2024-10-31,-4.633003392383671
DE-LU,latest_same_hour,2024-11-01,0.8282515694646975
DE-LU,latest_same_hour,2024-11-02,0.7789875355932452
DE-LU,latest_same_hour,2024-11-03,14.943920136090469
DE-LU,latest_same_hour,2024-11-04,-42.28787931396221
DE-LU,latest_same_hour,2024-11-05,-66.45383583044384
DE-LU,latest_same_hour,2024-11-06,1.9021136579351605
DE-LU,latest_same_hour,2024-11-07,-1.5903984779929488
DE-LU,latest_same_hour,2024-11-08,-0.2648540850509562
DE-LU,latest_same_hour,2024-11-09,-2.2474305099335368
DE-LU,latest_same_hour,2024-11-10,12.331694213270566
DE-LU,latest_same_hour,2024-11-11,26.80833853847699
DE-LU,latest_same_hour,2024-11-12,-42.87361081910336
DE-LU,latest_same_hour,2024-11-13,4.947564147048894
DE-LU,latest_same_hour,2024-11-14,-1.2410208612105293
DE-LU,latest_same_hour,2024-11-15,18.321431710323665
DE-LU,latest_same_hour,2024-11-16,10.395917062066474
DE-LU,latest_same_hour,2024-11-17,-37.21762300167481
DE-LU,latest_same_hour,2024-11-18,-45.612872997656694
DE-LU,latest_same_hour,2024-11-19,-22.908640077117525
DE-LU,latest_same_hour,2024-11-20,-11.672182819523101
DE-LU,latest_same_hour,2024-11-21,-66.37343793339595
DE-LU,latest_same_hour,2024-11-22,26.447632223746723
DE-LU,latest_same_hour,2024-11-23,0.17776091320423149
DE-LU,latest_same_hour,2024-11-24,-14.873352370596951
DE-LU,latest_same_hour,2024-11-25,-69.28262244804293
DE-LU,latest_same_hour,2024-11-26,-62.03591070918338
DE-LU,latest_same_hour,2024-11-27,-18.16923959370422
DE-LU,latest_same_hour,2024-11-28,-18.748032838946727
DE-LU,latest_same_hour,2024-11-29,10.195400067708889
DE-LU,latest_same_hour,2024-11-30,-12.997255818541333
DE-LU,latest_same_hour,2024-12-01,-22.99790248271968
DE-LU,latest_same_hour,2024-12-02,-67.01107938129711
DE-LU,latest_same_hour,2024-12-03,-66.59754035775146
DE-LU,latest_same_hour,2024-12-04,-63.9077069849036
DE-LU,latest_same_hour,2024-12-05,-26.749261247770285
DE-LU,latest_same_hour,2024-12-06,-8.454001987158307
DE-LU,latest_same_hour,2024-12-07,-53.892627495074635
DE-LU,latest_same_hour,2024-12-08,32.280113720784854
DE-LU,latest_same_hour,2024-12-09,-79.26254347537508
DE-LU,latest_same_hour,2024-12-10,-22.292490619736114
DE-LU,latest_same_hour,2024-12-11,-161.06538961475655
DE-LU,latest_same_hour,2024-12-12,0.13793601114298326
DE-LU,latest_same_hour,2024-12-13,-0.18012820278693198
DE-LU,latest_same_hour,2024-12-14,-11.930275336388263
DE-LU,latest_same_hour,2024-12-15,-10.430723933605805
DE-LU,latest_same_hour,2024-12-16,9.208925968849073
DE-LU,latest_same_hour,2024-12-17,-110.0054156740353
DE-LU,latest_same_hour,2024-12-18,36.36273457916529
DE-LU,latest_same_hour,2024-12-19,40.108231028589614
DE-LU,latest_same_hour,2024-12-20,-42.5171370112368
DE-LU,latest_same_hour,2024-12-21,-17.829827882798547
DE-LU,latest_same_hour,2024-12-22,-26.735643808098803
DE-LU,latest_same_hour,2024-12-23,-55.81302834143515
DE-LU,latest_same_hour,2024-12-24,9.055171986402684
DE-LU,latest_same_hour,2024-12-25,0.08253479673598463
DE-LU,latest_same_hour,2024-12-26,-19.58475855191189
DE-LU,latest_same_hour,2024-12-27,-19.57074766202929
DE-LU,latest_same_hour,2024-12-28,-13.319000000000003
DE-LU,latest_same_hour,2024-12-29,-15.88513463168232
DE-LU,latest_same_hour,2024-12-30,0.4987333422508158
DE-LU,latest_same_hour,2024-12-31,-27.438262721932688
DE-LU,perfect_foresight,2024-09-01,39.49793638626508
DE-LU,perfect_foresight,2024-09-02,5.76140576769302
DE-LU,perfect_foresight,2024-09-03,13.972470334531408
DE-LU,perfect_foresight,2024-09-04,11.600118719117518
DE-LU,perfect_foresight,2024-09-05,16.720924559565532
DE-LU,perfect_foresight,2024-09-06,1.0201818827061402
DE-LU,perfect_foresight,2024-09-07,21.91435445104176
DE-LU,perfect_foresight,2024-09-08,35.75940230226067
DE-LU,perfect_foresight,2024-09-09,15.07867306413732
DE-LU,perfect_foresight,2024-09-10,2.1636657734493383
DE-LU,perfect_foresight,2024-09-11,8.813126834085864
DE-LU,perfect_foresight,2024-09-12,2.1140856185734265
DE-LU,perfect_foresight,2024-09-13,9.304610724828962
DE-LU,perfect_foresight,2024-09-14,3.3444698518121356
DE-LU,perfect_foresight,2024-09-15,8.39867660048236
DE-LU,perfect_foresight,2024-09-16,18.774967667961846
DE-LU,perfect_foresight,2024-09-17,1.5958150432698233
DE-LU,perfect_foresight,2024-09-18,9.75466744126004
DE-LU,perfect_foresight,2024-09-19,14.299250125739263
DE-LU,perfect_foresight,2024-09-20,12.032546059764798
DE-LU,perfect_foresight,2024-09-21,39.40737647414235
DE-LU,perfect_foresight,2024-09-22,28.583680225014348
DE-LU,perfect_foresight,2024-09-23,3.384277735192711
DE-LU,perfect_foresight,2024-09-24,2.5332597979574416
DE-LU,perfect_foresight,2024-09-25,41.963152476618916
DE-LU,perfect_foresight,2024-09-26,14.121251326129368
DE-LU,perfect_foresight,2024-09-27,2.6640746344163375
DE-LU,perfect_foresight,2024-09-28,16.5196917891286
DE-LU,perfect_foresight,2024-09-29,2.5251842632485477
DE-LU,perfect_foresight,2024-09-30,5.25013330049353
DE-LU,perfect_foresight,2024-10-01,3.0575196141771244
DE-LU,perfect_foresight,2024-10-02,16.163807658307405
DE-LU,perfect_foresight,2024-10-03,14.554632635392991
DE-LU,perfect_foresight,2024-10-04,0.6688611699158002
DE-LU,perfect_foresight,2024-10-05,3.191540232052347
DE-LU,perfect_foresight,2024-10-06,8.41480295398489
DE-LU,perfect_foresight,2024-10-07,1.6270984946264093
DE-LU,perfect_foresight,2024-10-08,14.52704297759766
DE-LU,perfect_foresight,2024-10-09,7.8407345041408405
DE-LU,perfect_foresight,2024-10-10,21.551529604755018
DE-LU,perfect_foresight,2024-10-11,1.8638931268320675
DE-LU,perfect_foresight,2024-10-12,44.90370541542549
DE-LU,perfect_foresight,2024-10-13,30.37428395826508
DE-LU,perfect_foresight,2024-10-14,13.027273442516503
DE-LU,perfect_foresight,2024-10-15,31.290223491602774
DE-LU,perfect_foresight,2024-10-16,9.181501152758983
DE-LU,perfect_foresight,2024-10-17,15.25539789606006
DE-LU,perfect_foresight,2024-10-18,6.207777443238456
DE-LU,perfect_foresight,2024-10-19,3.907353082340734
DE-LU,perfect_foresight,2024-10-20,19.832991359861012
DE-LU,perfect_foresight,2024-10-21,7.969373230819599
DE-LU,perfect_foresight,2024-10-22,3.6125636036160245
DE-LU,perfect_foresight,2024-10-23,9.674716735216634
DE-LU,perfect_foresight,2024-10-24,16.282575713138783
DE-LU,perfect_foresight,2024-10-25,2.7812597229331004
DE-LU,perfect_foresight,2024-10-26,10.060764830758615
DE-LU,perfect_foresight,2024-10-27,57.90396547596826
DE-LU,perfect_foresight,2024-10-28,27.15687935048645
DE-LU,perfect_foresight,2024-10-29,84.48902671113666
DE-LU,perfect_foresight,2024-10-30,31.392104212765872
DE-LU,perfect_foresight,2024-10-31,0.2719785203323113
DE-LU,perfect_foresight,2024-11-01,9.358154311752713
DE-LU,perfect_foresight,2024-11-02,20.371366896198623
DE-LU,perfect_foresight,2024-11-03,18.070929563985487
DE-LU,perfect_foresight,2024-11-04,1.2493878506955411
DE-LU,perfect_foresight,2024-11-05,5.4697863286884285
DE-LU,perfect_foresight,2024-11-06,3.5808396902480126
DE-LU,perfect_foresight,2024-11-07,0.3270035424324078
DE-LU,perfect_foresight,2024-11-08,7.19157573545921
DE-LU,perfect_foresight,2024-11-09,31.76741993939848
DE-LU,perfect_foresight,2024-11-10,53.99580630984428
DE-LU,perfect_foresight,2024-11-11,27.90913403247518
DE-LU,perfect_foresight,2024-11-12,93.37459224514873
DE-LU,perfect_foresight,2024-11-13,103.36517515470106
DE-LU,perfect_foresight,2024-11-14,52.90223458928426
DE-LU,perfect_foresight,2024-11-15,19.170728244544264
DE-LU,perfect_foresight,2024-11-16,25.46110571127781
DE-LU,perfect_foresight,2024-11-17,71.23853504105915
DE-LU,perfect_foresight,2024-11-18,36.37117097352004
DE-LU,perfect_foresight,2024-11-19,70.42142878634844
DE-LU,perfect_foresight,2024-11-20,1.7450880741400852
DE-LU,perfect_foresight,2024-11-21,23.657106704857014
DE-LU,perfect_foresight,2024-11-22,41.610582647954914
DE-LU,perfect_foresight,2024-11-23,30.094422561246972
DE-LU,perfect_foresight,2024-11-24,15.282278972107214
DE-LU,perfect_foresight,2024-11-25,19.920744588005334
DE-LU,perfect_foresight,2024-11-26,6.611322624924213
DE-LU,perfect_foresight,2024-11-27,116.32993725003325
DE-LU,perfect_foresight,2024-11-28,27.376132082829002
DE-LU,perfect_foresight,2024-11-29,32.424451338678
DE-LU,perfect_foresight,2024-11-30,3.8832710396537067
DE-LU,perfect_foresight,2024-12-01,13.098999290285377
DE-LU,perfect_foresight,2024-12-02,21.713547668730797
DE-LU,perfect_foresight,2024-12-03,15.468902204942594
DE-LU,perfect_foresight,2024-12-04,56.909403636519926
DE-LU,perfect_foresight,2024-12-05,35.41695561108958
DE-LU,perfect_foresight,2024-12-06,21.095667498022237
DE-LU,perfect_foresight,2024-12-07,79.91763665330913
DE-LU,perfect_foresight,2024-12-08,59.47862645690809
DE-LU,perfect_foresight,2024-12-09,68.5157305500622
DE-LU,perfect_foresight,2024-12-10,0.03840571290652406
DE-LU,perfect_foresight,2024-12-11,0.0746477236773444
DE-LU,perfect_foresight,2024-12-12,346.51006845379493
DE-LU,perfect_foresight,2024-12-13,113.53754270785694
DE-LU,perfect_foresight,2024-12-14,34.1158361194079
DE-LU,perfect_foresight,2024-12-15,77.44396037826172
DE-LU,perfect_foresight,2024-12-16,62.22447723677452
DE-LU,perfect_foresight,2024-12-17,32.38131672119948
DE-LU,perfect_foresight,2024-12-18,83.1538346493037
DE-LU,perfect_foresight,2024-12-19,65.36736174271766
DE-LU,perfect_foresight,2024-12-20,26.30974526322484
DE-LU,perfect_foresight,2024-12-21,3.881386576268966
DE-LU,perfect_foresight,2024-12-22,48.19974760526709
DE-LU,perfect_foresight,2024-12-23,67.46788936031432
DE-LU,perfect_foresight,2024-12-24,21.264221637218952
DE-LU,perfect_foresight,2024-12-25,15.664361029985983
DE-LU,perfect_foresight,2024-12-26,9.820283283045669
DE-LU,perfect_foresight,2024-12-27,3.3587899461452935
DE-LU,perfect_foresight,2024-12-28,2.9823729499720315
DE-LU,perfect_foresight,2024-12-29,9.599429104708122
DE-LU,perfect_foresight,2024-12-30,2.8620643639787744
DE-LU,perfect_foresight,2024-12-31,27.629808109441598
DE-LU,rf_depth_12_leaf_20,2024-09-01,12.844249541723826
DE-LU,rf_depth_12_leaf_20,2024-09-02,-15.797529886590326
DE-LU,rf_depth_12_leaf_20,2024-09-03,-3.1277212529657845
DE-LU,rf_depth_12_leaf_20,2024-09-04,-1.9082009961422841
DE-LU,rf_depth_12_leaf_20,2024-09-05,5.647393998743524
DE-LU,rf_depth_12_leaf_20,2024-09-06,-9.027195659051841
DE-LU,rf_depth_12_leaf_20,2024-09-07,-0.8154554083636469
DE-LU,rf_depth_12_leaf_20,2024-09-08,-11.437949449879028
DE-LU,rf_depth_12_leaf_20,2024-09-09,-1.4099999999999966
DE-LU,rf_depth_12_leaf_20,2024-09-10,-12.825359586260532
DE-LU,rf_depth_12_leaf_20,2024-09-11,-27.005978295259155
DE-LU,rf_depth_12_leaf_20,2024-09-12,-3.1189393285023925
DE-LU,rf_depth_12_leaf_20,2024-09-13,-2.3441966526309415
DE-LU,rf_depth_12_leaf_20,2024-09-14,-18.63908541176241
DE-LU,rf_depth_12_leaf_20,2024-09-15,-3.397048094554208
DE-LU,rf_depth_12_leaf_20,2024-09-16,0.17702363513693342
DE-LU,rf_depth_12_leaf_20,2024-09-17,-0.5311855751874077
DE-LU,rf_depth_12_leaf_20,2024-09-18,1.1621637021355582
DE-LU,rf_depth_12_leaf_20,2024-09-19,5.765480854231328
DE-LU,rf_depth_12_leaf_20,2024-09-20,10.529521112689054
DE-LU,rf_depth_12_leaf_20,2024-09-21,1.6059143226353285
DE-LU,rf_depth_12_leaf_20,2024-09-22,-10.801130039896464
DE-LU,rf_depth_12_leaf_20,2024-09-23,-27.516441062206525
DE-LU,rf_depth_12_leaf_20,2024-09-24,-26.185728824501382
DE-LU,rf_depth_12_leaf_20,2024-09-25,-47.81517871342001
DE-LU,rf_depth_12_leaf_20,2024-09-26,-29.607729274647724
DE-LU,rf_depth_12_leaf_20,2024-09-27,-6.210000000000008
DE-LU,rf_depth_12_leaf_20,2024-09-28,-24.751190166973316
DE-LU,rf_depth_12_leaf_20,2024-09-29,-17.128053643394935
DE-LU,rf_depth_12_leaf_20,2024-09-30,-5.919999999999959
DE-LU,rf_depth_12_leaf_20,2024-10-01,-0.049999999999954525
DE-LU,rf_depth_12_leaf_20,2024-10-02,-15.532457330643126
DE-LU,rf_depth_12_leaf_20,2024-10-03,6.627977995161601
DE-LU,rf_depth_12_leaf_20,2024-10-04,-5.5800000000000125
DE-LU,rf_depth_12_leaf_20,2024-10-05,-20.62461361227983
DE-LU,rf_depth_12_leaf_20,2024-10-06,-24.662260191341574
DE-LU,rf_depth_12_leaf_20,2024-10-07,-1.5492107290741046
DE-LU,rf_depth_12_leaf_20,2024-10-08,-6.596921767376898
DE-LU,rf_depth_12_leaf_20,2024-10-09,-38.66195807175592
DE-LU,rf_depth_12_leaf_20,2024-10-10,-2.4530438951645124
DE-LU,rf_depth_12_leaf_20,2024-10-11,-18.158994845531197
DE-LU,rf_depth_12_leaf_20,2024-10-12,3.962241129728355
DE-LU,rf_depth_12_leaf_20,2024-10-13,-10.866827844298523
DE-LU,rf_depth_12_leaf_20,2024-10-14,-33.57576608593524
DE-LU,rf_depth_12_leaf_20,2024-10-15,5.060818135556019
DE-LU,rf_depth_12_leaf_20,2024-10-16,8.376010439736348
DE-LU,rf_depth_12_leaf_20,2024-10-17,-4.1619927650863815
DE-LU,rf_depth_12_leaf_20,2024-10-18,-2.24152415018861
DE-LU,rf_depth_12_leaf_20,2024-10-19,0.0
DE-LU,rf_depth_12_leaf_20,2024-10-20,-33.798227860291234
DE-LU,rf_depth_12_leaf_20,2024-10-21,5.925336944702849
DE-LU,rf_depth_12_leaf_20,2024-10-22,1.827768709812858
DE-LU,rf_depth_12_leaf_20,2024-10-23,-14.47720480609928
DE-LU,rf_depth_12_leaf_20,2024-10-24,-9.35505351160839
DE-LU,rf_depth_12_leaf_20,2024-10-25,-1.2396227015773036
DE-LU,rf_depth_12_leaf_20,2024-10-26,1.6042488705626852
DE-LU,rf_depth_12_leaf_20,2024-10-27,20.686774501001082
DE-LU,rf_depth_12_leaf_20,2024-10-28,-0.8606125244262728
DE-LU,rf_depth_12_leaf_20,2024-10-29,-0.4240856185733719
DE-LU,rf_depth_12_leaf_20,2024-10-30,0.0
DE-LU,rf_depth_12_leaf_20,2024-10-31,-0.07843420241471222
DE-LU,rf_depth_12_leaf_20,2024-11-01,-2.1165195959149514
DE-LU,rf_depth_12_leaf_20,2024-11-02,-4.950805727911359
DE-LU,rf_depth_12_leaf_20,2024-11-03,-6.143396116700586
DE-LU,rf_depth_12_leaf_20,2024-11-04,0.6158607015072448
DE-LU,rf_depth_12_leaf_20,2024-11-05,-1.0437817176525641
DE-LU,rf_depth_12_leaf_20,2024-11-06,-9.571555861793968
DE-LU,rf_depth_12_leaf_20,2024-11-07,-7.410001423487529
DE-LU,rf_depth_12_leaf_20,2024-11-08,0.0
DE-LU,rf_depth_12_leaf_20,2024-11-09,-1.6585978295259167
DE-LU,rf_depth_12_leaf_20,2024-11-10,-1.0026363278741997
DE-LU,rf_depth_12_leaf_20,2024-11-11,-17.48076554250241
DE-LU,rf_depth_12_leaf_20,2024-11-12,-103.84023773635681
DE-LU,rf_depth_12_leaf_20,2024-11-13,-8.411302832317318
DE-LU,rf_depth_12_leaf_20,2024-11-14,26.295957312354346
DE-LU,rf_depth_12_leaf_20,2024-11-15,8.136431710323677
DE-LU,rf_depth_12_leaf_20,2024-11-16,-13.311832680407633
DE-LU,rf_depth_12_leaf_20,2024-11-17,20.855572507328247
DE-LU,rf_depth_12_leaf_20,2024-11-18,-40.11845581589819
DE-LU,rf_depth_12_leaf_20,2024-11-19,-9.508992408226618
DE-LU,rf_depth_12_leaf_20,2024-11-20,-16.763275729772317
DE-LU,rf_depth_12_leaf_20,2024-11-21,-61.29434299946412
DE-LU,rf_depth_12_leaf_20,2024-11-22,23.31945986123418
DE-LU,rf_depth_12_leaf_20,2024-11-23,-3.9829646689622678
DE-LU,rf_depth_12_leaf_20,2024-11-24,-9.57549050719953
DE-LU,rf_depth_12_leaf_20,2024-11-25,-7.20171384875357
DE-LU,rf_depth_12_leaf_20,2024-11-26,-8.503653853463334
DE-LU,rf_depth_12_leaf_20,2024-11-27,7.855954033548443
DE-LU,rf_depth_12_leaf_20,2024-11-28,-24.663126384927466
DE-LU,rf_depth_12_leaf_20,2024-11-29,19.538142106860917
DE-LU,rf_depth_12_leaf_20,2024-11-30,-2.071111111111094
DE-LU,rf_depth_12_leaf_20,2024-12-01,-8.559125280840817
DE-LU,rf_depth_12_leaf_20,2024-12-02,-42.144918590961936
DE-LU,rf_depth_12_leaf_20,2024-12-03,-24.89051634749262
DE-LU,rf_depth_12_leaf_20,2024-12-04,-41.90740692947617
DE-LU,rf_depth_12_leaf_20,2024-12-05,-67.26437209426692
DE-LU,rf_depth_12_leaf_20,2024-12-06,-9.629154461801505
DE-LU,rf_depth_12_leaf_20,2024-12-07,-23.830350210028172
DE-LU,rf_depth_12_leaf_20,2024-12-08,-22.69537776173169
DE-LU,rf_depth_12_leaf_20,2024-12-09,-22.580354095169923
DE-LU,rf_depth_12_leaf_20,2024-12-10,-93.30731115409665
DE-LU,rf_depth_12_leaf_20,2024-12-11,-200.04776708149012
DE-LU,rf_depth_12_leaf_20,2024-12-12,-271.1702779602663
DE-LU,rf_depth_12_leaf_20,2024-12-13,-89.30657953740652
DE-LU,rf_depth_12_leaf_20,2024-12-14,-39.17115266319206
DE-LU,rf_depth_12_leaf_20,2024-12-15,-3.573580829107545
DE-LU,rf_depth_12_leaf_20,2024-12-16,18.32671103731488
DE-LU,rf_depth_12_leaf_20,2024-12-17,-11.668331190038913
DE-LU,rf_depth_12_leaf_20,2024-12-18,-11.015909620341908
DE-LU,rf_depth_12_leaf_20,2024-12-19,40.356902405666204
DE-LU,rf_depth_12_leaf_20,2024-12-20,-40.944128727957484
DE-LU,rf_depth_12_leaf_20,2024-12-21,-21.293287200599977
DE-LU,rf_depth_12_leaf_20,2024-12-22,32.486423518355224
DE-LU,rf_depth_12_leaf_20,2024-12-23,14.055132476213117
DE-LU,rf_depth_12_leaf_20,2024-12-24,0.7022511385684709
DE-LU,rf_depth_12_leaf_20,2024-12-25,-26.768642587470836
DE-LU,rf_depth_12_leaf_20,2024-12-26,-3.078667010363759
DE-LU,rf_depth_12_leaf_20,2024-12-27,-26.422654958591075
DE-LU,rf_depth_12_leaf_20,2024-12-28,-8.691736734634517
DE-LU,rf_depth_12_leaf_20,2024-12-29,-55.863369387248326
DE-LU,rf_depth_12_leaf_20,2024-12-30,-11.537198227155152
DE-LU,rf_depth_12_leaf_20,2024-12-31,-21.612013139626256
DE-LU,rf_depth_6_leaf_5,2024-09-01,12.565714164042845
DE-LU,rf_depth_6_leaf_5,2024-09-02,-14.523679118898656
DE-LU,rf_depth_6_leaf_5,2024-09-03,-2.925415103289197
DE-LU,rf_depth_6_leaf_5,2024-09-04,2.4601187191175313
DE-LU,rf_depth_6_leaf_5,2024-09-05,5.647393998743524
DE-LU,rf_depth_6_leaf_5,2024-09-06,-9.170000000000016
DE-LU,rf_depth_6_leaf_5,2024-09-07,-0.5805389505504195
DE-LU,rf_depth_6_leaf_5,2024-09-08,-65.06988384898585
DE-LU,rf_depth_6_leaf_5,2024-09-09,-1.4099999999999966
DE-LU,rf_depth_6_leaf_5,2024-09-10,-0.9914386816640786
DE-LU,rf_depth_6_leaf_5,2024-09-11,-27.720000000000027
DE-LU,rf_depth_6_leaf_5,2024-09-12,0.22861244940190772
DE-LU,rf_depth_6_leaf_5,2024-09-13,-0.5202490956357906
DE-LU,rf_depth_6_leaf_5,2024-09-14,-1.300601915391212
DE-LU,rf_depth_6_leaf_5,2024-09-15,-3.4057029030965396
DE-LU,rf_depth_6_leaf_5,2024-09-16,0.7160356493974263
DE-LU,rf_depth_6_leaf_5,2024-09-17,-2.34882315823819
DE-LU,rf_depth_6_leaf_5,2024-09-18,-1.0670338305500877
DE-LU,rf_depth_6_leaf_5,2024-09-19,-4.007991864793837
DE-LU,rf_depth_6_leaf_5,2024-09-20,6.290365602521888
DE-LU,rf_depth_6_leaf_5,2024-09-21,1.3518371596569523
DE-LU,rf_depth_6_leaf_5,2024-09-22,-17.604817554610975
DE-LU,rf_depth_6_leaf_5,2024-09-23,-53.357630013491075
DE-LU,rf_depth_6_leaf_5,2024-09-24,-42.555609057018216
DE-LU,rf_depth_6_leaf_5,2024-09-25,-15.213308716792056
DE-LU,rf_depth_6_leaf_5,2024-09-26,-24.752640338715082
DE-LU,rf_depth_6_leaf_5,2024-09-27,-5.75517440445725
DE-LU,rf_depth_6_leaf_5,2024-09-28,-7.578959757828798
DE-LU,rf_depth_6_leaf_5,2024-09-29,-35.050525494540125
DE-LU,rf_depth_6_leaf_5,2024-09-30,-1.2432597979574496
DE-LU,rf_depth_6_leaf_5,2024-10-01,1.8138931268320846
DE-LU,rf_depth_6_leaf_5,2024-10-02,2.7626308550456713
DE-LU,rf_depth_6_leaf_5,2024-10-03,3.9009817626672003
DE-LU,rf_depth_6_leaf_5,2024-10-04,-1.894590744661059
DE-LU,rf_depth_6_leaf_5,2024-10-05,-18.799801323686438
DE-LU,rf_depth_6_leaf_5,2024-10-06,-5.614523175859574
DE-LU,rf_depth_6_leaf_5,2024-10-07,-1.5492107290741046
DE-LU,rf_depth_6_leaf_5,2024-10-08,-6.596921767376898
DE-LU,rf_depth_6_leaf_5,2024-10-09,-38.17740275141918
DE-LU,rf_depth_6_leaf_5,2024-10-10,12.379574888858485
DE-LU,rf_depth_6_leaf_5,2024-10-11,-9.405632073697916
DE-LU,rf_depth_6_leaf_5,2024-10-12,-0.39313270128629085
DE-LU,rf_depth_6_leaf_5,2024-10-13,-9.90073484076277
DE-LU,rf_depth_6_leaf_5,2024-10-14,-31.44920195714849
DE-LU,rf_depth_6_leaf_5,2024-10-15,-6.759462017691305
DE-LU,rf_depth_6_leaf_5,2024-10-16,8.376010439736348
DE-LU,rf_depth_6_leaf_5,2024-10-17,-4.1619927650863815
DE-LU,rf_depth_6_leaf_5,2024-10-18,-14.837434876646313
DE-LU,rf_depth_6_leaf_5,2024-10-19,0.039337469873430564
DE-LU,rf_depth_6_leaf_5,2024-10-20,-6.409080689177699
DE-LU,rf_depth_6_leaf_5,2024-10-21,-8.560462391825354
DE-LU,rf_depth_6_leaf_5,2024-10-22,3.6125636036160245
DE-LU,rf_depth_6_leaf_5,2024-10-23,3.4806687531989837
DE-LU,rf_depth_6_leaf_5,2024-10-24,2.184946488391631
DE-LU,rf_depth_6_leaf_5,2024-10-25,-1.2396227015773036
DE-LU,rf_depth_6_leaf_5,2024-10-26,-0.48575112943733245
DE-LU,rf_depth_6_leaf_5,2024-10-27,12.00414109710212
DE-LU,rf_depth_6_leaf_5,2024-10-28,-0.3045410755826481
DE-LU,rf_depth_6_leaf_5,2024-10-29,0.0
DE-LU,rf_depth_6_leaf_5,2024-10-30,0.176341724049621
DE-LU,rf_depth_6_leaf_5,2024-10-31,-1.6742561805006346
DE-LU,rf_depth_6_leaf_5,2024-11-01,0.0
DE-LU,rf_depth_6_leaf_5,2024-11-02,-0.7007045526450781
DE-LU,rf_depth_6_leaf_5,2024-11-03,-7.1327821302866425
DE-LU,rf_depth_6_leaf_5,2024-11-04,1.2039501058484348
DE-LU,rf_depth_6_leaf_5,2024-11-05,3.540505126087737
DE-LU,rf_depth_6_leaf_5,2024-11-06,2.0957649990696154
DE-LU,rf_depth_6_leaf_5,2024-11-07,-1.856185031754535
DE-LU,rf_depth_6_leaf_5,2024-11-08,-9.129425112129454
DE-LU,rf_depth_6_leaf_5,2024-11-09,0.0
DE-LU,rf_depth_6_leaf_5,2024-11-10,-2.4296910013726176
DE-LU,rf_depth_6_leaf_5,2024-11-11,-3.6009594962312974
DE-LU,rf_depth_6_leaf_5,2024-11-12,-95.08971371993044
DE-LU,rf_depth_6_leaf_5,2024-11-13,-12.709534309077526
DE-LU,rf_depth_6_leaf_5,2024-11-14,22.128341245495562
DE-LU,rf_depth_6_leaf_5,2024-11-15,1.7981342758104972
DE-LU,rf_depth_6_leaf_5,2024-11-16,7.184295372330496
DE-LU,rf_depth_6_leaf_5,2024-11-17,20.326006409645444
DE-LU,rf_depth_6_leaf_5,2024-11-18,-30.031646563816537
DE-LU,rf_depth_6_leaf_5,2024-11-19,37.19661743555983
DE-LU,rf_depth_6_leaf_5,2024-11-20,-32.55944282429155
DE-LU,rf_depth_6_leaf_5,2024-11-21,-61.498583473223064
DE-LU,rf_depth_6_leaf_5,2024-11-22,26.61424733355068
DE-LU,rf_depth_6_leaf_5,2024-11-23,0.0
DE-LU,rf_depth_6_leaf_5,2024-11-24,-9.56657235826732
DE-LU,rf_depth_6_leaf_5,2024-11-25,-8.234124322744776
DE-LU,rf_depth_6_leaf_5,2024-11-26,-15.855522501628002
DE-LU,rf_depth_6_leaf_5,2024-11-27,-12.250000000000007
DE-LU,rf_depth_6_leaf_5,2024-11-28,-24.663126384927466
DE-LU,rf_depth_6_leaf_5,2024-11-29,-3.9999908387485448
DE-LU,rf_depth_6_leaf_5,2024-11-30,-5.030761531661483
DE-LU,rf_depth_6_leaf_5,2024-12-01,-8.00846308733611
DE-LU,rf_depth_6_leaf_5,2024-12-02,-11.962221056273847
DE-LU,rf_depth_6_leaf_5,2024-12-03,-5.184679690739358
DE-LU,rf_depth_6_leaf_5,2024-12-04,-29.698648434326458
DE-LU,rf_depth_6_leaf_5,2024-12-05,-26.749261247770285
DE-LU,rf_depth_6_leaf_5,2024-12-06,-11.912575037919396
DE-LU,rf_depth_6_leaf_5,2024-12-07,-63.00364858135829
DE-LU,rf_depth_6_leaf_5,2024-12-08,-21.8979162134367
DE-LU,rf_depth_6_leaf_5,2024-12-09,-8.158277998765925
DE-LU,rf_depth_6_leaf_5,2024-12-10,-102.37568022501446
DE-LU,rf_depth_6_leaf_5,2024-12-11,-205.62559590110573
DE-LU,rf_depth_6_leaf_5,2024-12-12,-408.9845668336161
DE-LU,rf_depth_6_leaf_5,2024-12-13,-8.347115682605676
DE-LU,rf_depth_6_leaf_5,2024-12-14,-31.508748637346315
DE-LU,rf_depth_6_leaf_5,2024-12-15,-18.65258264795486
DE-LU,rf_depth_6_leaf_5,2024-12-16,38.30209146652375
DE-LU,rf_depth_6_leaf_5,2024-12-17,-3.7355414689667583
DE-LU,rf_depth_6_leaf_5,2024-12-18,32.85078713569453
DE-LU,rf_depth_6_leaf_5,2024-12-19,51.07823102858964
DE-LU,rf_depth_6_leaf_5,2024-12-20,-28.891698011213023
DE-LU,rf_depth_6_leaf_5,2024-12-21,-17.037733186114664
DE-LU,rf_depth_6_leaf_5,2024-12-22,17.609494798887926
DE-LU,rf_depth_6_leaf_5,2024-12-23,-20.44251346711704
DE-LU,rf_depth_6_leaf_5,2024-12-24,8.620808782685344
DE-LU,rf_depth_6_leaf_5,2024-12-25,-6.378310328828405
DE-LU,rf_depth_6_leaf_5,2024-12-26,-2.892110073932372
DE-LU,rf_depth_6_leaf_5,2024-12-27,-1.9313451914577229
DE-LU,rf_depth_6_leaf_5,2024-12-28,-4.505654002524139
DE-LU,rf_depth_6_leaf_5,2024-12-29,-57.11927869125968
DE-LU,rf_depth_6_leaf_5,2024-12-30,-22.61537066370414
DE-LU,rf_depth_6_leaf_5,2024-12-31,-22.454847169484893
DE-LU,ridge_alpha_0.1,2024-09-01,0.21755871272043237
DE-LU,ridge_alpha_0.1,2024-09-02,-14.530170225305426
DE-LU,ridge_alpha_0.1,2024-09-03,-22.86691311407526
DE-LU,ridge_alpha_0.1,2024-09-04,0.8686120742800654
DE-LU,ridge_alpha_0.1,2024-09-05,0.4911603847762933
DE-LU,ridge_alpha_0.1,2024-09-06,-9.027195659051841
DE-LU,ridge_alpha_0.1,2024-09-07,0.0
DE-LU,ridge_alpha_0.1,2024-09-08,0.0
DE-LU,ridge_alpha_0.1,2024-09-09,-36.881767099752224
DE-LU,ridge_alpha_0.1,2024-09-10,-0.3153595862605414
DE-LU,ridge_alpha_0.1,2024-09-11,0.0
DE-LU,ridge_alpha_0.1,2024-09-12,0.0
DE-LU,ridge_alpha_0.1,2024-09-13,0.0
DE-LU,ridge_alpha_0.1,2024-09-14,0.0
DE-LU,ridge_alpha_0.1,2024-09-15,0.3909039792025055
DE-LU,ridge_alpha_0.1,2024-09-16,0.0
DE-LU,ridge_alpha_0.1,2024-09-17,-0.16375798922908302
DE-LU,ridge_alpha_0.1,2024-09-18,1.1621637021355582
DE-LU,ridge_alpha_0.1,2024-09-19,7.909992314940041
DE-LU,ridge_alpha_0.1,2024-09-20,0.0
DE-LU,ridge_alpha_0.1,2024-09-21,1.3518371596569523
DE-LU,ridge_alpha_0.1,2024-09-22,-8.68627705997335
DE-LU,ridge_alpha_0.1,2024-09-23,-9.700994772482488
DE-LU,ridge_alpha_0.1,2024-09-24,0.0232597979574507
DE-LU,ridge_alpha_0.1,2024-09-25,4.669176805237441
DE-LU,ridge_alpha_0.1,2024-09-26,13.383608606871945
DE-LU,ridge_alpha_0.1,2024-09-27,1.0034519145768712
DE-LU,ridge_alpha_0.1,2024-09-28,0.1240498191271655
DE-LU,ridge_alpha_0.1,2024-09-29,0.03160815672572426
DE-LU,ridge_alpha_0.1,2024-09-30,0.1509182239566087
DE-LU,ridge_alpha_0.1,2024-10-01,0.0
DE-LU,ridge_alpha_0.1,2024-10-02,8.595790939724424
DE-LU,ridge_alpha_0.1,2024-10-03,0.0
DE-LU,ridge_alpha_0.1,2024-10-04,-0.012441287279585822
DE-LU,ridge_alpha_0.1,2024-10-05,0.3072457032521072
DE-LU,ridge_alpha_0.1,2024-10-06,0.006491106406741665
DE-LU,ridge_alpha_0.1,2024-10-07,-0.1536228516260394
DE-LU,ridge_alpha_0.1,2024-10-08,-1.5421644523793532
DE-LU,ridge_alpha_0.1,2024-10-09,-0.47108732389631314
DE-LU,ridge_alpha_0.1,2024-10-10,-1.6766119992556412
DE-LU,ridge_alpha_0.1,2024-10-11,-0.6548011168754329
DE-LU,ridge_alpha_0.1,2024-10-12,2.9323130844926624
DE-LU,ridge_alpha_0.1,2024-10-13,0.1324270425254781
DE-LU,ridge_alpha_0.1,2024-10-14,-4.701160009654359
DE-LU,ridge_alpha_0.1,2024-10-15,3.064740127018183
DE-LU,ridge_alpha_0.1,2024-10-16,0.42565835097477134
DE-LU,ridge_alpha_0.1,2024-10-17,-3.252660806541485
DE-LU,ridge_alpha_0.1,2024-10-18,0.0
DE-LU,ridge_alpha_0.1,2024-10-19,-2.079556575513351
DE-LU,ridge_alpha_0.1,2024-10-20,-2.2097739210439045
DE-LU,ridge_alpha_0.1,2024-10-21,-1.6194170519475506
DE-LU,ridge_alpha_0.1,2024-10-22,0.38782205311025564
DE-LU,ridge_alpha_0.1,2024-10-23,-2.449900286721231
DE-LU,ridge_alpha_0.1,2024-10-24,-0.15134519145775016
DE-LU,ridge_alpha_0.1,2024-10-25,-1.4981851067789762
DE-LU,ridge_alpha_0.1,2024-10-26,0.06761569173681892
DE-LU,ridge_alpha_0.1,2024-10-27,0.0973665961010397
DE-LU,ridge_alpha_0.1,2024-10-28,2.228469626739013
DE-LU,ridge_alpha_0.1,2024-10-29,-1.1899999999999977
DE-LU,ridge_alpha_0.1,2024-10-30,-2.1978859669428914
DE-LU,ridge_alpha_0.1,2024-10-31,-3.1242561805006517
DE-LU,ridge_alpha_0.1,2024-11-01,-2.311523063322994
DE-LU,ridge_alpha_0.1,2024-11-02,-0.8084696267389688
DE-LU,ridge_alpha_0.1,2024-11-03,0.26754446796633147
DE-LU,ridge_alpha_0.1,2024-11-04,1.2039501058484348
DE-LU,ridge_alpha_0.1,2024-11-05,3.540505126087737
DE-LU,ridge_alpha_0.1,2024-11-06,1.823138529986636
DE-LU,ridge_alpha_0.1,2024-11-07,0.0
DE-LU,ridge_alpha_0.1,2024-11-08,0.0
DE-LU,ridge_alpha_0.1,2024-11-09,-1.42690382915373
DE-LU,ridge_alpha_0.1,2024-11-10,0.06112458533007725
DE-LU,ridge_alpha_0.1,2024-11-11,-4.289629636393386
DE-LU,ridge_alpha_0.1,2024-11-12,11.539550727562926
DE-LU,ridge_alpha_0.1,2024-11-13,-0.1503772984227112
DE-LU,ridge_alpha_0.1,2024-11-14,-3.5566119992556082
DE-LU,ridge_alpha_0.1,2024-11-15,-1.2626718272228459
DE-LU,ridge_alpha_0.1,2024-11-16,-12.681086143744153
DE-LU,ridge_alpha_0.1,2024-11-17,1.2293516761275214
DE-LU,ridge_alpha_0.1,2024-11-18,4.90475176412761
DE-LU,ridge_alpha_0.1,2024-11-19,-1.4167921583766656
DE-LU,ridge_alpha_0.1,2024-11-20,-5.443285138417309
DE-LU,ridge_alpha_0.1,2024-11-21,-22.687472362111976
DE-LU,ridge_alpha_0.1,2024-11-22,23.442000000000007
DE-LU,ridge_alpha_0.1,2024-11-23,-0.48304650176791597
DE-LU,ridge_alpha_0.1,2024-11-24,-9.927496055052407
DE-LU,ridge_alpha_0.1,2024-11-25,-10.116643720953107
DE-LU,ridge_alpha_0.1,2024-11-26,-2.9431111111111647
DE-LU,ridge_alpha_0.1,2024-11-27,1.3199999999999648
DE-LU,ridge_alpha_0.1,2024-11-28,0.36890390417806884
DE-LU,ridge_alpha_0.1,2024-11-29,15.769777777777904
DE-LU,ridge_alpha_0.1,2024-11-30,-21.755385427541484
DE-LU,ridge_alpha_0.1,2024-12-01,-11.889134723927612
DE-LU,ridge_alpha_0.1,2024-12-02,-11.119999999999976
DE-LU,ridge_alpha_0.1,2024-12-03,-13.890979526086255
DE-LU,ridge_alpha_0.1,2024-12-04,0.0
DE-LU,ridge_alpha_0.1,2024-12-05,-9.565927914436998
DE-LU,ridge_alpha_0.1,2024-12-06,-8.454001987158307
DE-LU,ridge_alpha_0.1,2024-12-07,-24.335245528853818
DE-LU,ridge_alpha_0.1,2024-12-08,-27.777956379595622
DE-LU,ridge_alpha_0.1,2024-12-09,-8.352540775485124
DE-LU,ridge_alpha_0.1,2024-12-10,-41.5822222222223
DE-LU,ridge_alpha_0.1,2024-12-11,-69.12111111111108
DE-LU,ridge_alpha_0.1,2024-12-12,176.04999999999927
DE-LU,ridge_alpha_0.1,2024-12-13,0.0
DE-LU,ridge_alpha_0.1,2024-12-14,-9.762242911063424
DE-LU,ridge_alpha_0.1,2024-12-15,-1.087358949541155
DE-LU,ridge_alpha_0.1,2024-12-16,-11.079680074965665
DE-LU,ridge_alpha_0.1,2024-12-17,-3.850803534930037
DE-LU,ridge_alpha_0.1,2024-12-18,14.440669840064572
DE-LU,ridge_alpha_0.1,2024-12-19,-0.10058073582098359
DE-LU,ridge_alpha_0.1,2024-12-20,15.624499203112862
DE-LU,ridge_alpha_0.1,2024-12-21,-35.507089761200874
DE-LU,ridge_alpha_0.1,2024-12-22,0.0
DE-LU,ridge_alpha_0.1,2024-12-23,34.06069148903106
DE-LU,ridge_alpha_0.1,2024-12-24,9.055171986402684
DE-LU,ridge_alpha_0.1,2024-12-25,2.139090023786167
DE-LU,ridge_alpha_0.1,2024-12-26,8.407889926067625
DE-LU,ridge_alpha_0.1,2024-12-27,-19.221309767133377
DE-LU,ridge_alpha_0.1,2024-12-28,-6.231148726387673
DE-LU,ridge_alpha_0.1,2024-12-29,0.621911645012375
DE-LU,ridge_alpha_0.1,2024-12-30,-1.5086275184363842
DE-LU,ridge_alpha_0.1,2024-12-31,-0.3602564055738071
DE-LU,seven_day_same_hour,2024-09-01,0.0
DE-LU,seven_day_same_hour,2024-09-02,0.0
DE-LU,seven_day_same_hour,2024-09-03,0.0
DE-LU,seven_day_same_hour,2024-09-04,0.0
DE-LU,seven_day_same_hour,2024-09-05,0.0
DE-LU,seven_day_same_hour,2024-09-06,0.0
DE-LU,seven_day_same_hour,2024-09-07,0.0
DE-LU,seven_day_same_hour,2024-09-08,0.0
DE-LU,seven_day_same_hour,2024-09-09,0.0
DE-LU,seven_day_same_hour,2024-09-10,0.0
DE-LU,seven_day_same_hour,2024-09-11,0.0
DE-LU,seven_day_same_hour,2024-09-12,0.0
DE-LU,seven_day_same_hour,2024-09-13,0.0
DE-LU,seven_day_same_hour,2024-09-14,0.0
DE-LU,seven_day_same_hour,2024-09-15,0.0
DE-LU,seven_day_same_hour,2024-09-16,0.0
DE-LU,seven_day_same_hour,2024-09-17,0.0
DE-LU,seven_day_same_hour,2024-09-18,0.0
DE-LU,seven_day_same_hour,2024-09-19,0.0
DE-LU,seven_day_same_hour,2024-09-20,0.0
DE-LU,seven_day_same_hour,2024-09-21,0.0
DE-LU,seven_day_same_hour,2024-09-22,0.0
DE-LU,seven_day_same_hour,2024-09-23,0.0
DE-LU,seven_day_same_hour,2024-09-24,0.0
DE-LU,seven_day_same_hour,2024-09-25,0.0
DE-LU,seven_day_same_hour,2024-09-26,0.0
DE-LU,seven_day_same_hour,2024-09-27,0.0
DE-LU,seven_day_same_hour,2024-09-28,0.0
DE-LU,seven_day_same_hour,2024-09-29,0.0
DE-LU,seven_day_same_hour,2024-09-30,0.0
DE-LU,seven_day_same_hour,2024-10-01,0.0
DE-LU,seven_day_same_hour,2024-10-02,0.0
DE-LU,seven_day_same_hour,2024-10-03,0.0
DE-LU,seven_day_same_hour,2024-10-04,0.0
DE-LU,seven_day_same_hour,2024-10-05,0.0
DE-LU,seven_day_same_hour,2024-10-06,0.0
DE-LU,seven_day_same_hour,2024-10-07,0.0
DE-LU,seven_day_same_hour,2024-10-08,0.0
DE-LU,seven_day_same_hour,2024-10-09,0.0
DE-LU,seven_day_same_hour,2024-10-10,0.0
DE-LU,seven_day_same_hour,2024-10-11,0.0
DE-LU,seven_day_same_hour,2024-10-12,0.0
DE-LU,seven_day_same_hour,2024-10-13,0.0
DE-LU,seven_day_same_hour,2024-10-14,0.0
DE-LU,seven_day_same_hour,2024-10-15,0.0
DE-LU,seven_day_same_hour,2024-10-16,0.0
DE-LU,seven_day_same_hour,2024-10-17,0.0
DE-LU,seven_day_same_hour,2024-10-18,0.0
DE-LU,seven_day_same_hour,2024-10-19,0.0
DE-LU,seven_day_same_hour,2024-10-20,0.0
DE-LU,seven_day_same_hour,2024-10-21,0.0
DE-LU,seven_day_same_hour,2024-10-22,0.0
DE-LU,seven_day_same_hour,2024-10-23,0.0
DE-LU,seven_day_same_hour,2024-10-24,0.0
DE-LU,seven_day_same_hour,2024-10-25,0.0
DE-LU,seven_day_same_hour,2024-10-26,0.0
DE-LU,seven_day_same_hour,2024-10-27,0.0
DE-LU,seven_day_same_hour,2024-10-28,0.0
DE-LU,seven_day_same_hour,2024-10-29,0.0
DE-LU,seven_day_same_hour,2024-10-30,0.0
DE-LU,seven_day_same_hour,2024-10-31,0.0
DE-LU,seven_day_same_hour,2024-11-01,0.0
DE-LU,seven_day_same_hour,2024-11-02,0.0
DE-LU,seven_day_same_hour,2024-11-03,0.0
DE-LU,seven_day_same_hour,2024-11-04,0.0
DE-LU,seven_day_same_hour,2024-11-05,0.0
DE-LU,seven_day_same_hour,2024-11-06,0.0
DE-LU,seven_day_same_hour,2024-11-07,0.0
DE-LU,seven_day_same_hour,2024-11-08,0.0
DE-LU,seven_day_same_hour,2024-11-09,0.0
DE-LU,seven_day_same_hour,2024-11-10,0.0
DE-LU,seven_day_same_hour,2024-11-11,0.0
DE-LU,seven_day_same_hour,2024-11-12,0.0
DE-LU,seven_day_same_hour,2024-11-13,0.0
DE-LU,seven_day_same_hour,2024-11-14,0.0
DE-LU,seven_day_same_hour,2024-11-15,0.0
DE-LU,seven_day_same_hour,2024-11-16,0.0
DE-LU,seven_day_same_hour,2024-11-17,0.0
DE-LU,seven_day_same_hour,2024-11-18,0.0
DE-LU,seven_day_same_hour,2024-11-19,0.0
DE-LU,seven_day_same_hour,2024-11-20,0.0
DE-LU,seven_day_same_hour,2024-11-21,0.0
DE-LU,seven_day_same_hour,2024-11-22,0.0
DE-LU,seven_day_same_hour,2024-11-23,0.0
DE-LU,seven_day_same_hour,2024-11-24,0.0
DE-LU,seven_day_same_hour,2024-11-25,0.0
DE-LU,seven_day_same_hour,2024-11-26,0.0
DE-LU,seven_day_same_hour,2024-11-27,0.0
DE-LU,seven_day_same_hour,2024-11-28,0.0
DE-LU,seven_day_same_hour,2024-11-29,0.0
DE-LU,seven_day_same_hour,2024-11-30,0.0
DE-LU,seven_day_same_hour,2024-12-01,0.0
DE-LU,seven_day_same_hour,2024-12-02,0.0
DE-LU,seven_day_same_hour,2024-12-03,0.0
DE-LU,seven_day_same_hour,2024-12-04,0.0
DE-LU,seven_day_same_hour,2024-12-05,0.0
DE-LU,seven_day_same_hour,2024-12-06,0.0
DE-LU,seven_day_same_hour,2024-12-07,0.0
DE-LU,seven_day_same_hour,2024-12-08,0.0
DE-LU,seven_day_same_hour,2024-12-09,0.0
DE-LU,seven_day_same_hour,2024-12-10,0.0
DE-LU,seven_day_same_hour,2024-12-11,0.0
DE-LU,seven_day_same_hour,2024-12-12,0.0
DE-LU,seven_day_same_hour,2024-12-13,0.0
DE-LU,seven_day_same_hour,2024-12-14,0.0
DE-LU,seven_day_same_hour,2024-12-15,0.0
DE-LU,seven_day_same_hour,2024-12-16,0.0
DE-LU,seven_day_same_hour,2024-12-17,0.0
DE-LU,seven_day_same_hour,2024-12-18,0.0
DE-LU,seven_day_same_hour,2024-12-19,0.0
DE-LU,seven_day_same_hour,2024-12-20,0.0
DE-LU,seven_day_same_hour,2024-12-21,0.0
DE-LU,seven_day_same_hour,2024-12-22,0.0
DE-LU,seven_day_same_hour,2024-12-23,0.0
DE-LU,seven_day_same_hour,2024-12-24,0.0
DE-LU,seven_day_same_hour,2024-12-25,0.0
DE-LU,seven_day_same_hour,2024-12-26,0.0
DE-LU,seven_day_same_hour,2024-12-27,0.0
DE-LU,seven_day_same_hour,2024-12-28,0.0
DE-LU,seven_day_same_hour,2024-12-29,0.0
DE-LU,seven_day_same_hour,2024-12-30,0.0
DE-LU,seven_day_same_hour,2024-12-31,0.0
FR,latest_same_hour,2024-09-01,11.060963468572169
FR,latest_same_hour,2024-09-02,-1.879567223048582
FR,latest_same_hour,2024-09-03,-42.190628606289906
FR,latest_same_hour,2024-09-04,-9.276342136683752
FR,latest_same_hour,2024-09-05,-8.123669203345159
FR,latest_same_hour,2024-09-06,1.1386365894716732
FR,latest_same_hour,2024-09-07,-45.93119078641837
FR,latest_same_hour,2024-09-08,-27.065837774002503
FR,latest_same_hour,2024-09-09,-52.539774257665755
FR,latest_same_hour,2024-09-10,-94.5111945437783
FR,latest_same_hour,2024-09-11,-11.629940209544941
FR,latest_same_hour,2024-09-12,-30.68609146454807
FR,latest_same_hour,2024-09-13,-36.36887211453154
FR,latest_same_hour,2024-09-14,-17.282285724408467
FR,latest_same_hour,2024-09-15,6.665865446359035
FR,latest_same_hour,2024-09-16,-34.91401479021613
FR,latest_same_hour,2024-09-17,-29.464485734927877
FR,latest_same_hour,2024-09-18,21.35708709268232
FR,latest_same_hour,2024-09-19,-51.50749685399535
FR,latest_same_hour,2024-09-20,33.313997771535526
FR,latest_same_hour,2024-09-21,22.238150282649656
FR,latest_same_hour,2024-09-22,14.904098263465897
FR,latest_same_hour,2024-09-23,-127.33871448541947
FR,latest_same_hour,2024-09-24,-58.26655691509876
FR,latest_same_hour,2024-09-25,-27.35988094426061
FR,latest_same_hour,2024-09-26,-12.670205986251602
FR,latest_same_hour,2024-09-27,-5.200400315102414
FR,latest_same_hour,2024-09-28,-1.239506457276562
FR,latest_same_hour,2024-09-29,-46.54986195767182
FR,latest_same_hour,2024-09-30,-1.9447485238218292
FR,latest_same_hour,2024-10-01,-166.9128410436505
FR,latest_same_hour,2024-10-02,-11.6500966209926
FR,latest_same_hour,2024-10-03,-29.09684763789332
FR,latest_same_hour,2024-10-04,-3.973878506956055
FR,latest_same_hour,2024-10-05,3.8169677429862077
FR,latest_same_hour,2024-10-06,-26.135553015806643
FR,latest_same_hour,2024-10-07,-6.234013082864038
FR,latest_same_hour,2024-10-08,-108.37481682153458
FR,latest_same_hour,2024-10-09,3.986332540477804
FR,latest_same_hour,2024-10-10,-19.2288304681762
FR,latest_same_hour,2024-10-11,-28.50461668630379
FR,latest_same_hour,2024-10-12,-14.9689751086986
FR,latest_same_hour,2024-10-13,8.641359436211786
FR,latest_same_hour,2024-10-14,-44.994954510073455
FR,latest_same_hour,2024-10-15,-7.796869020216235
FR,latest_same_hour,2024-10-16,-53.45820752326358
FR,latest_same_hour,2024-10-17,-19.889119056727253
FR,latest_same_hour,2024-10-18,-16.881209380610983
FR,latest_same_hour,2024-10-19,-28.526642845010066
FR,latest_same_hour,2024-10-20,-0.9832455532033606
FR,latest_same_hour,2024-10-21,-169.17981667455624
FR,latest_same_hour,2024-10-22,-84.77146537256277
FR,latest_same_hour,2024-10-23,1.3340380299397907
FR,latest_same_hour,2024-10-24,-18.492910969792945
FR,latest_same_hour,2024-10-25,-12.216370213557866
FR,latest_same_hour,2024-10-26,-29.495485483529478
FR,latest_same_hour,2024-10-27,-20.357706689852137
FR,latest_same_hour,2024-10-28,2.5064125118243368
FR,latest_same_hour,2024-10-29,-58.7344662657801
FR,latest_same_hour,2024-10-30,16.34429021884958
FR,latest_same_hour,2024-10-31,-32.68982433937833
FR,latest_same_hour,2024-11-01,9.595082187689684
FR,latest_same_hour,2024-11-02,9.205050587633139
FR,latest_same_hour,2024-11-03,33.041326973374964
FR,latest_same_hour,2024-11-04,-50.79115746080112
FR,latest_same_hour,2024-11-05,-102.69006949404445
FR,latest_same_hour,2024-11-06,-6.659835622645005
FR,latest_same_hour,2024-11-07,-20.03103180686749
FR,latest_same_hour,2024-11-08,0.5705608600731011
FR,latest_same_hour,2024-11-09,1.7868934086673676
FR,latest_same_hour,2024-11-10,3.526458960888249
FR,latest_same_hour,2024-11-11,4.3714298732141685
FR,latest_same_hour,2024-11-12,-43.07370462766946
FR,latest_same_hour,2024-11-13,-24.298131446109608
FR,latest_same_hour,2024-11-14,-27.151598119477853
FR,latest_same_hour,2024-11-15,24.112664892406656
FR,latest_same_hour,2024-11-16,1.7875959741542147
FR,latest_same_hour,2024-11-17,-121.94679688293712
FR,latest_same_hour,2024-11-18,-29.766677750197573
FR,latest_same_hour,2024-11-19,-48.83698114618565
FR,latest_same_hour,2024-11-20,0.0
FR,latest_same_hour,2024-11-21,-10.753742789395858
FR,latest_same_hour,2024-11-22,29.407495549131767
FR,latest_same_hour,2024-11-23,-10.856430828293234
FR,latest_same_hour,2024-11-24,-19.54297072575276
FR,latest_same_hour,2024-11-25,-91.84071062764431
FR,latest_same_hour,2024-11-26,-128.17881746428802
FR,latest_same_hour,2024-11-27,-60.16912014359286
FR,latest_same_hour,2024-11-28,18.30311125814282
FR,latest_same_hour,2024-11-29,-9.446347196878094
FR,latest_same_hour,2024-11-30,16.157733285488632
FR,latest_same_hour,2024-12-01,12.095921728876931
FR,latest_same_hour,2024-12-02,-27.980567560658244
FR,latest_same_hour,2024-12-03,-43.77552223191395
FR,latest_same_hour,2024-12-04,-36.80216946288678
FR,latest_same_hour,2024-12-05,-16.289771878111182
FR,latest_same_hour,2024-12-06,-1.813108091820311
FR,latest_same_hour,2024-12-07,1.0181634578124346
FR,latest_same_hour,2024-12-08,17.336760400208362
FR,latest_same_hour,2024-12-09,-132.339143238314
FR,latest_same_hour,2024-12-10,-82.28664896059192
FR,latest_same_hour,2024-12-11,-19.363965325919594
FR,latest_same_hour,2024-12-12,-9.45245740764301
FR,latest_same_hour,2024-12-13,59.10912078228807
FR,latest_same_hour,2024-12-14,-2.4072697317731695
FR,latest_same_hour,2024-12-15,-17.913015499930708
FR,latest_same_hour,2024-12-16,-16.330447079455595
FR,latest_same_hour,2024-12-17,-53.51485046858198
FR,latest_same_hour,2024-12-18,4.6545758814497304
FR,latest_same_hour,2024-12-19,-2.4634263490438
FR,latest_same_hour,2024-12-20,-40.67220021332548
FR,latest_same_hour,2024-12-21,-17.723696462026297
FR,latest_same_hour,2024-12-22,-62.790957144043325
FR,latest_same_hour,2024-12-23,0.7444291604824969
FR,latest_same_hour,2024-12-24,-20.283972448296538
FR,latest_same_hour,2024-12-25,13.457879051376764
FR,latest_same_hour,2024-12-26,-22.045995108116543
FR,latest_same_hour,2024-12-27,-20.71961722874879
FR,latest_same_hour,2024-12-28,-6.57090083015413
FR,latest_same_hour,2024-12-29,-36.469756115595175
FR,latest_same_hour,2024-12-30,-9.50406009055257
FR,latest_same_hour,2024-12-31,-25.475692688433327
FR,perfect_foresight,2024-09-01,65.10337219462869
FR,perfect_foresight,2024-09-02,25.9691224491109
FR,perfect_foresight,2024-09-03,19.760873484273844
FR,perfect_foresight,2024-09-04,12.83064757362871
FR,perfect_foresight,2024-09-05,25.45751783481765
FR,perfect_foresight,2024-09-06,37.58873020636514
FR,perfect_foresight,2024-09-07,13.673738646768442
FR,perfect_foresight,2024-09-08,66.70563799261448
FR,perfect_foresight,2024-09-09,19.924177610267833
FR,perfect_foresight,2024-09-10,13.669490487949531
FR,perfect_foresight,2024-09-11,26.946441063194243
FR,perfect_foresight,2024-09-12,43.15748659063303
FR,perfect_foresight,2024-09-13,45.3851391879852
FR,perfect_foresight,2024-09-14,12.057162625415543
FR,perfect_foresight,2024-09-15,38.196387578952454
FR,perfect_foresight,2024-09-16,9.574904899786361
FR,perfect_foresight,2024-09-17,14.70725457455167
FR,perfect_foresight,2024-09-18,85.89692119350713
FR,perfect_foresight,2024-09-19,34.38849169442699
FR,perfect_foresight,2024-09-20,79.56528074839628
FR,perfect_foresight,2024-09-21,89.3298762774503
FR,perfect_foresight,2024-09-22,47.2008893978265
FR,perfect_foresight,2024-09-23,24.005167844763065
FR,perfect_foresight,2024-09-24,41.83651011224558
FR,perfect_foresight,2024-09-25,24.173594954196375
FR,perfect_foresight,2024-09-26,5.219672858314169
FR,perfect_foresight,2024-09-27,29.35909971426655
FR,perfect_foresight,2024-09-28,13.844382565428063
FR,perfect_foresight,2024-09-29,37.77978895454187
FR,perfect_foresight,2024-09-30,5.576333327245948
FR,perfect_foresight,2024-10-01,9.499908327653088
FR,perfect_foresight,2024-10-02,20.236026990008384
FR,perfect_foresight,2024-10-03,24.940273161669012
FR,perfect_foresight,2024-10-04,18.6933249487044
FR,perfect_foresight,2024-10-05,25.144509736135774
FR,perfect_foresight,2024-10-06,46.87895789735755
FR,perfect_foresight,2024-10-07,36.91096200757238
FR,perfect_foresight,2024-10-08,8.08023814997884
FR,perfect_foresight,2024-10-09,32.07419294188759
FR,perfect_foresight,2024-10-10,35.46899490328127
FR,perfect_foresight,2024-10-11,15.870764474886727
FR,perfect_foresight,2024-10-12,26.408727907922398
FR,perfect_foresight,2024-10-13,19.166531587855005
FR,perfect_foresight,2024-10-14,15.865402714894742
FR,perfect_foresight,2024-10-15,57.50442173899579
FR,perfect_foresight,2024-10-16,26.65148096775576
FR,perfect_foresight,2024-10-17,9.43308477098472
FR,perfect_foresight,2024-10-18,13.11110048178466
FR,perfect_foresight,2024-10-19,83.20427711772336
FR,perfect_foresight,2024-10-20,21.568008285254976
FR,perfect_foresight,2024-10-21,16.549624538686828
FR,perfect_foresight,2024-10-22,22.928625251418453
FR,perfect_foresight,2024-10-23,7.801993871202086
FR,perfect_foresight,2024-10-24,12.110866343634598
FR,perfect_foresight,2024-10-25,19.293500983460206
FR,perfect_foresight,2024-10-26,23.20543879924675
FR,perfect_foresight,2024-10-27,87.30556124429937
FR,perfect_foresight,2024-10-28,85.55411515941074
FR,perfect_foresight,2024-10-29,84.06328482812074
FR,perfect_foresight,2024-10-30,51.50200491212138
FR,perfect_foresight,2024-10-31,59.4286964569267
FR,perfect_foresight,2024-11-01,65.15824249842939
FR,perfect_foresight,2024-11-02,31.52823736321065
FR,perfect_foresight,2024-11-03,57.31995647491132
FR,perfect_foresight,2024-11-04,14.458174161121917
FR,perfect_foresight,2024-11-05,19.054115775892342
FR,perfect_foresight,2024-11-06,12.33515352092627
FR,perfect_foresight,2024-11-07,8.583972447308724
FR,perfect_foresight,2024-11-08,12.643728792035347
FR,perfect_foresight,2024-11-09,37.976116170264234
FR,perfect_foresight,2024-11-10,55.30874331456651
FR,perfect_foresight,2024-11-11,30.333107155003347
FR,perfect_foresight,2024-11-12,60.10924852483642
FR,perfect_foresight,2024-11-13,18.228128127762602
FR,perfect_foresight,2024-11-14,16.684691188933584
FR,perfect_foresight,2024-11-15,35.66481356302004
FR,perfect_foresight,2024-11-16,8.92291683699338
FR,perfect_foresight,2024-11-17,29.44412884049413
FR,perfect_foresight,2024-11-18,12.059374036837823
FR,perfect_foresight,2024-11-19,3.677804340948171
FR,perfect_foresight,2024-11-20,44.539014226491844
FR,perfect_foresight,2024-11-21,9.390731505141346
FR,perfect_foresight,2024-11-22,46.52790958381755
FR,perfect_foresight,2024-11-23,102.15394963941571
FR,perfect_foresight,2024-11-24,16.032017560084263
FR,perfect_foresight,2024-11-25,17.49808505687838
FR,perfect_foresight,2024-11-26,27.372260866560964
FR,perfect_foresight,2024-11-27,35.92392236658412
FR,perfect_foresight,2024-11-28,23.816182238577937
FR,perfect_foresight,2024-11-29,4.751426574117147
FR,perfect_foresight,2024-11-30,30.90088952253791
FR,perfect_foresight,2024-12-01,31.87507643500163
FR,perfect_foresight,2024-12-02,12.399834061283485
FR,perfect_foresight,2024-12-03,22.856222151256077
FR,perfect_foresight,2024-12-04,94.08515739992714
FR,perfect_foresight,2024-12-05,11.487731111757228
FR,perfect_foresight,2024-12-06,11.296633441411188
FR,perfect_foresight,2024-12-07,81.67256409527936
FR,perfect_foresight,2024-12-08,75.2081665825112
FR,perfect_foresight,2024-12-09,5.755821641464081
FR,perfect_foresight,2024-12-10,39.83168174277637
FR,perfect_foresight,2024-12-11,18.255976910271556
FR,perfect_foresight,2024-12-12,18.763819354208408
FR,perfect_foresight,2024-12-13,81.89167014114992
FR,perfect_foresight,2024-12-14,24.942199951728014
FR,perfect_foresight,2024-12-15,58.23685704752623
FR,perfect_foresight,2024-12-16,15.542404457729845
FR,perfect_foresight,2024-12-17,34.82279849299782
FR,perfect_foresight,2024-12-18,56.02495857866438
FR,perfect_foresight,2024-12-19,17.21164549318388
FR,perfect_foresight,2024-12-20,7.817398759828279
FR,perfect_foresight,2024-12-21,7.084928845166502
FR,perfect_foresight,2024-12-22,23.994629449820273
FR,perfect_foresight,2024-12-23,25.684554458544213
FR,perfect_foresight,2024-12-24,21.98470813258973
FR,perfect_foresight,2024-12-25,15.848560962464049
FR,perfect_foresight,2024-12-26,13.084245609965578
FR,perfect_foresight,2024-12-27,2.3135801173637844
FR,perfect_foresight,2024-12-28,0.7567459374563725
FR,perfect_foresight,2024-12-29,8.039011658388603
FR,perfect_foresight,2024-12-30,9.76000000000002
FR,perfect_foresight,2024-12-31,54.33048004920104
FR,rf_depth_12_leaf_5,2024-09-01,17.894269675010946
FR,rf_depth_12_leaf_5,2024-09-02,-6.97730157615274
FR,rf_depth_12_leaf_5,2024-09-03,-7.158362079339469
FR,rf_depth_12_leaf_5,2024-09-04,-0.48535268895670924
FR,rf_depth_12_leaf_5,2024-09-05,-8.123669203345159
FR,rf_depth_12_leaf_5,2024-09-06,-63.831460237344004
FR,rf_depth_12_leaf_5,2024-09-07,-32.65796913400766
FR,rf_depth_12_leaf_5,2024-09-08,47.54143750759921
FR,rf_depth_12_leaf_5,2024-09-09,-12.750084322867536
FR,rf_depth_12_leaf_5,2024-09-10,4.385588701728437
FR,rf_depth_12_leaf_5,2024-09-11,8.43822784202905
FR,rf_depth_12_leaf_5,2024-09-12,-15.601076753361184
FR,rf_depth_12_leaf_5,2024-09-13,-17.167335797069995
FR,rf_depth_12_leaf_5,2024-09-14,-5.850401125178848
FR,rf_depth_12_leaf_5,2024-09-15,10.499109217185946
FR,rf_depth_12_leaf_5,2024-09-16,-61.54770843065813
FR,rf_depth_12_leaf_5,2024-09-17,0.7694084178959599
FR,rf_depth_12_leaf_5,2024-09-18,51.56128228233786
FR,rf_depth_12_leaf_5,2024-09-19,11.560569702964813
FR,rf_depth_12_leaf_5,2024-09-20,34.94995074355572
FR,rf_depth_12_leaf_5,2024-09-21,-22.767378797922504
FR,rf_depth_12_leaf_5,2024-09-22,8.526832230261306
FR,rf_depth_12_leaf_5,2024-09-23,-2.7295995855236583
FR,rf_depth_12_leaf_5,2024-09-24,-22.303736828908853
FR,rf_depth_12_leaf_5,2024-09-25,3.5276114923470914
FR,rf_depth_12_leaf_5,2024-09-26,4.272227991089977
FR,rf_depth_12_leaf_5,2024-09-27,-20.233160084678786
FR,rf_depth_12_leaf_5,2024-09-28,0.8828967442888711
FR,rf_depth_12_leaf_5,2024-09-29,-16.534499389686026
FR,rf_depth_12_leaf_5,2024-09-30,0.010000000000005116
FR,rf_depth_12_leaf_5,2024-10-01,-26.151051978654664
FR,rf_depth_12_leaf_5,2024-10-02,-7.045435166598196
FR,rf_depth_12_leaf_5,2024-10-03,-19.901631016227952
FR,rf_depth_12_leaf_5,2024-10-04,9.443190186223319
FR,rf_depth_12_leaf_5,2024-10-05,-2.2740105421272006
FR,rf_depth_12_leaf_5,2024-10-06,14.327044073567663
FR,rf_depth_12_leaf_5,2024-10-07,-44.99394647012946
FR,rf_depth_12_leaf_5,2024-10-08,-12.96427844693656
FR,rf_depth_12_leaf_5,2024-10-09,8.300890784789743
FR,rf_depth_12_leaf_5,2024-10-10,5.215939254465866
FR,rf_depth_12_leaf_5,2024-10-11,-81.23673932511164
FR,rf_depth_12_leaf_5,2024-10-12,-21.567097519309428
FR,rf_depth_12_leaf_5,2024-10-13,0.6839293014001768
FR,rf_depth_12_leaf_5,2024-10-14,-27.14111800638591
FR,rf_depth_12_leaf_5,2024-10-15,-30.20240655742475
FR,rf_depth_12_leaf_5,2024-10-16,-1.2133891991587973
FR,rf_depth_12_leaf_5,2024-10-17,-73.60484750610678
FR,rf_depth_12_leaf_5,2024-10-18,-47.23149172683969
FR,rf_depth_12_leaf_5,2024-10-19,-9.67806234029618
FR,rf_depth_12_leaf_5,2024-10-20,-55.519661310432994
FR,rf_depth_12_leaf_5,2024-10-21,-43.82549292525411
FR,rf_depth_12_leaf_5,2024-10-22,-9.714585646954504
FR,rf_depth_12_leaf_5,2024-10-23,-21.833968868351946
FR,rf_depth_12_leaf_5,2024-10-24,-50.85178139830495
FR,rf_depth_12_leaf_5,2024-10-25,-53.02151140592221
FR,rf_depth_12_leaf_5,2024-10-26,-28.12348786407182
FR,rf_depth_12_leaf_5,2024-10-27,-10.454688226458302
FR,rf_depth_12_leaf_5,2024-10-28,-29.18094848673684
FR,rf_depth_12_leaf_5,2024-10-29,-21.8392993203218
FR,rf_depth_12_leaf_5,2024-10-30,-7.805734784988488
FR,rf_depth_12_leaf_5,2024-10-31,26.791163684861203
FR,rf_depth_12_leaf_5,2024-11-01,11.146990009422098
FR,rf_depth_12_leaf_5,2024-11-02,6.570859221257578
FR,rf_depth_12_leaf_5,2024-11-03,-13.684517350229498
FR,rf_depth_12_leaf_5,2024-11-04,-34.803978595356625
FR,rf_depth_12_leaf_5,2024-11-05,-8.569949507629133
FR,rf_depth_12_leaf_5,2024-11-06,-43.486895338075726
FR,rf_depth_12_leaf_5,2024-11-07,-59.137251095956714
FR,rf_depth_12_leaf_5,2024-11-08,-11.315583022088987
FR,rf_depth_12_leaf_5,2024-11-09,-0.9633189699552958
FR,rf_depth_12_leaf_5,2024-11-10,-20.08514231575444
FR,rf_depth_12_leaf_5,2024-11-11,-16.219966749407035
FR,rf_depth_12_leaf_5,2024-11-12,-23.384690852311664
FR,rf_depth_12_leaf_5,2024-11-13,-47.16006320208868
FR,rf_depth_12_leaf_5,2024-11-14,-16.463448278857868
FR,rf_depth_12_leaf_5,2024-11-15,-6.938693887835612
FR,rf_depth_12_leaf_5,2024-11-16,-28.48797072372362
FR,rf_depth_12_leaf_5,2024-11-17,-49.53477782033609
FR,rf_depth_12_leaf_5,2024-11-18,-43.811284201600316
FR,rf_depth_12_leaf_5,2024-11-19,-37.54176048230801
FR,rf_depth_12_leaf_5,2024-11-20,-15.142162315172385
FR,rf_depth_12_leaf_5,2024-11-21,-8.4960283394594
FR,rf_depth_12_leaf_5,2024-11-22,0.7750874739450779
FR,rf_depth_12_leaf_5,2024-11-23,-39.81481828560476
FR,rf_depth_12_leaf_5,2024-11-24,-13.481125691445788
FR,rf_depth_12_leaf_5,2024-11-25,-25.480947346125888
FR,rf_depth_12_leaf_5,2024-11-26,-0.8421128711671599
FR,rf_depth_12_leaf_5,2024-11-27,-48.067249377471086
FR,rf_depth_12_leaf_5,2024-11-28,-51.22703298800765
FR,rf_depth_12_leaf_5,2024-11-29,-9.010768504977591
FR,rf_depth_12_leaf_5,2024-11-30,12.210488707602224
FR,rf_depth_12_leaf_5,2024-12-01,-14.905270781126575
FR,rf_depth_12_leaf_5,2024-12-02,-39.91842831898127
FR,rf_depth_12_leaf_5,2024-12-03,-75.67482515548863
FR,rf_depth_12_leaf_5,2024-12-04,-125.39530317091479
FR,rf_depth_12_leaf_5,2024-12-05,-140.1002615802804
FR,rf_depth_12_leaf_5,2024-12-06,-143.68554799411226
FR,rf_depth_12_leaf_5,2024-12-07,-5.841144397187065
FR,rf_depth_12_leaf_5,2024-12-08,58.81049468026397
FR,rf_depth_12_leaf_5,2024-12-09,-53.08319672666752
FR,rf_depth_12_leaf_5,2024-12-10,20.474153843344254
FR,rf_depth_12_leaf_5,2024-12-11,-33.33165456520692
FR,rf_depth_12_leaf_5,2024-12-12,-336.1188605371477
FR,rf_depth_12_leaf_5,2024-12-13,-246.91023031372197
FR,rf_depth_12_leaf_5,2024-12-14,-6.040101100241955
FR,rf_depth_12_leaf_5,2024-12-15,-32.15225215040973
FR,rf_depth_12_leaf_5,2024-12-16,-26.91094676923914
FR,rf_depth_12_leaf_5,2024-12-17,-29.374747831328037
FR,rf_depth_12_leaf_5,2024-12-18,-29.60852332590831
FR,rf_depth_12_leaf_5,2024-12-19,-50.929185163541064
FR,rf_depth_12_leaf_5,2024-12-20,-41.287144603998
FR,rf_depth_12_leaf_5,2024-12-21,-10.227957496898242
FR,rf_depth_12_leaf_5,2024-12-22,-9.156396115712717
FR,rf_depth_12_leaf_5,2024-12-23,-0.5136277435095309
FR,rf_depth_12_leaf_5,2024-12-24,-12.806635972002255
FR,rf_depth_12_leaf_5,2024-12-25,-29.76698894180643
FR,rf_depth_12_leaf_5,2024-12-26,6.680405432059018
FR,rf_depth_12_leaf_5,2024-12-27,-7.149524525310596
FR,rf_depth_12_leaf_5,2024-12-28,-2.633447678662833
FR,rf_depth_12_leaf_5,2024-12-29,-31.536988341611362
FR,rf_depth_12_leaf_5,2024-12-30,-22.558896988612048
FR,rf_depth_12_leaf_5,2024-12-31,-26.083226847462058
FR,rf_depth_6_leaf_20,2024-09-01,22.864269675010917
FR,rf_depth_6_leaf_20,2024-09-02,-10.195169006653146
FR,rf_depth_6_leaf_20,2024-09-03,-4.918362079339488
FR,rf_depth_6_leaf_20,2024-09-04,-1.3162684948586332
FR,rf_depth_6_leaf_20,2024-09-05,-8.123669203345159
FR,rf_depth_6_leaf_20,2024-09-06,-28.563281782557965
FR,rf_depth_6_leaf_20,2024-09-07,-66.01567383264327
FR,rf_depth_6_leaf_20,2024-09-08,47.31127631071736
FR,rf_depth_6_leaf_20,2024-09-09,-11.366036061043673
FR,rf_depth_6_leaf_20,2024-09-10,-0.1914112982715892
FR,rf_depth_6_leaf_20,2024-09-11,-1.6024438736450577
FR,rf_depth_6_leaf_20,2024-09-12,-4.068534290815279
FR,rf_depth_6_leaf_20,2024-09-13,21.788743202083424
FR,rf_depth_6_leaf_20,2024-09-14,6.473611451764526
FR,rf_depth_6_leaf_20,2024-09-15,27.60225691451143
FR,rf_depth_6_leaf_20,2024-09-16,-13.366928999273512
FR,rf_depth_6_leaf_20,2024-09-17,-0.37255925615326646
FR,rf_depth_6_leaf_20,2024-09-18,51.56128228233786
FR,rf_depth_6_leaf_20,2024-09-19,11.562733405100403
FR,rf_depth_6_leaf_20,2024-09-20,40.3690602406013
FR,rf_depth_6_leaf_20,2024-09-21,-1.4566293180337055
FR,rf_depth_6_leaf_20,2024-09-22,8.52575037919354
FR,rf_depth_6_leaf_20,2024-09-23,-33.457749815522845
FR,rf_depth_6_leaf_20,2024-09-24,-5.796796805937021
FR,rf_depth_6_leaf_20,2024-09-25,-23.17724754036165
FR,rf_depth_6_leaf_20,2024-09-26,-9.844817910482831
FR,rf_depth_6_leaf_20,2024-09-27,-1.5938014737351835
FR,rf_depth_6_leaf_20,2024-09-28,0.0
FR,rf_depth_6_leaf_20,2024-09-29,-1.5023981778953583
FR,rf_depth_6_leaf_20,2024-09-30,2.3627900961940753
FR,rf_depth_6_leaf_20,2024-10-01,-45.52238277125119
FR,rf_depth_6_leaf_20,2024-10-02,-6.556900164039092
FR,rf_depth_6_leaf_20,2024-10-03,-45.89179066902258
FR,rf_depth_6_leaf_20,2024-10-04,-2.8191813777734183
FR,rf_depth_6_leaf_20,2024-10-05,5.951600096543842
FR,rf_depth_6_leaf_20,2024-10-06,7.420841676418519
FR,rf_depth_6_leaf_20,2024-10-07,0.0
FR,rf_depth_6_leaf_20,2024-10-08,6.357056510607919
FR,rf_depth_6_leaf_20,2024-10-09,13.392278710509743
FR,rf_depth_6_leaf_20,2024-10-10,-3.2546619299315296
FR,rf_depth_6_leaf_20,2024-10-11,-27.036598879867228
FR,rf_depth_6_leaf_20,2024-10-12,-24.13259610396514
FR,rf_depth_6_leaf_20,2024-10-13,0.6839293014001768
FR,rf_depth_6_leaf_20,2024-10-14,6.092199145709856
FR,rf_depth_6_leaf_20,2024-10-15,1.748982868782889
FR,rf_depth_6_leaf_20,2024-10-16,-6.492926807333362
FR,rf_depth_6_leaf_20,2024-10-17,-9.501997151049181
FR,rf_depth_6_leaf_20,2024-10-18,-19.269328697947827
FR,rf_depth_6_leaf_20,2024-10-19,-9.245913443621873
FR,rf_depth_6_leaf_20,2024-10-20,-25.927320637765987
FR,rf_depth_6_leaf_20,2024-10-21,-0.33338069080639343
FR,rf_depth_6_leaf_20,2024-10-22,-0.22827057530355432
FR,rf_depth_6_leaf_20,2024-10-23,4.375126815823705
FR,rf_depth_6_leaf_20,2024-10-24,-32.21712257892176
FR,rf_depth_6_leaf_20,2024-10-25,-1.5145914949049057
FR,rf_depth_6_leaf_20,2024-10-26,-5.699974683889678
FR,rf_depth_6_leaf_20,2024-10-27,29.364243792106066
FR,rf_depth_6_leaf_20,2024-10-28,15.971072431235882
FR,rf_depth_6_leaf_20,2024-10-29,-5.452374874280764
FR,rf_depth_6_leaf_20,2024-10-30,23.534188331839488
FR,rf_depth_6_leaf_20,2024-10-31,-2.0747598436129806
FR,rf_depth_6_leaf_20,2024-11-01,22.23666346694347
FR,rf_depth_6_leaf_20,2024-11-02,21.147204806099325
FR,rf_depth_6_leaf_20,2024-11-03,-38.90346615933092
FR,rf_depth_6_leaf_20,2024-11-04,-34.803978595356625
FR,rf_depth_6_leaf_20,2024-11-05,-59.0396985302429
FR,rf_depth_6_leaf_20,2024-11-06,-3.868140779730311
FR,rf_depth_6_leaf_20,2024-11-07,-41.256582067009816
FR,rf_depth_6_leaf_20,2024-11-08,-9.85271156248561
FR,rf_depth_6_leaf_20,2024-11-09,-2.5972212245848425
FR,rf_depth_6_leaf_20,2024-11-10,-33.07909384706616
FR,rf_depth_6_leaf_20,2024-11-11,2.913694825640434
FR,rf_depth_6_leaf_20,2024-11-12,4.041743294328697
FR,rf_depth_6_leaf_20,2024-11-13,-31.440380953391667
FR,rf_depth_6_leaf_20,2024-11-14,-15.146294603824515
FR,rf_depth_6_leaf_20,2024-11-15,0.3885583943607287
FR,rf_depth_6_leaf_20,2024-11-16,-0.02747178220820956
FR,rf_depth_6_leaf_20,2024-11-17,-4.226397972072263
FR,rf_depth_6_leaf_20,2024-11-18,-44.25376128832609
FR,rf_depth_6_leaf_20,2024-11-19,-69.37511523245946
FR,rf_depth_6_leaf_20,2024-11-20,-36.168114333154726
FR,rf_depth_6_leaf_20,2024-11-21,-8.4960283394594
FR,rf_depth_6_leaf_20,2024-11-22,-4.8556579758528144
FR,rf_depth_6_leaf_20,2024-11-23,-39.12753899513784
FR,rf_depth_6_leaf_20,2024-11-24,-23.306236802556903
FR,rf_depth_6_leaf_20,2024-11-25,-26.617169568348118
FR,rf_depth_6_leaf_20,2024-11-26,-5.886126479201835
FR,rf_depth_6_leaf_20,2024-11-27,-43.083772945726906
FR,rf_depth_6_leaf_20,2024-11-28,-49.03098931692844
FR,rf_depth_6_leaf_20,2024-11-29,-19.68848240950547
FR,rf_depth_6_leaf_20,2024-11-30,8.359396847694427
FR,rf_depth_6_leaf_20,2024-12-01,9.981044327048664
FR,rf_depth_6_leaf_20,2024-12-02,-19.07100948366937
FR,rf_depth_6_leaf_20,2024-12-03,-46.618185848906194
FR,rf_depth_6_leaf_20,2024-12-04,-60.56234315461235
FR,rf_depth_6_leaf_20,2024-12-05,-87.39141754059385
FR,rf_depth_6_leaf_20,2024-12-06,-143.24538071203204
FR,rf_depth_6_leaf_20,2024-12-07,-23.509688883415546
FR,rf_depth_6_leaf_20,2024-12-08,28.187942077091442
FR,rf_depth_6_leaf_20,2024-12-09,-62.7581863244434
FR,rf_depth_6_leaf_20,2024-12-10,22.84160875692072
FR,rf_depth_6_leaf_20,2024-12-11,-16.69568785232434
FR,rf_depth_6_leaf_20,2024-12-12,-194.35945112978425
FR,rf_depth_6_leaf_20,2024-12-13,-138.4916383352703
FR,rf_depth_6_leaf_20,2024-12-14,16.658932843832588
FR,rf_depth_6_leaf_20,2024-12-15,-3.4071482194791614
FR,rf_depth_6_leaf_20,2024-12-16,-14.2649984062258
FR,rf_depth_6_leaf_20,2024-12-17,-45.362515079153326
FR,rf_depth_6_leaf_20,2024-12-18,-23.55845356412543
FR,rf_depth_6_leaf_20,2024-12-19,-28.628762937874654
FR,rf_depth_6_leaf_20,2024-12-20,-37.87983067597497
FR,rf_depth_6_leaf_20,2024-12-21,-9.027686715771576
FR,rf_depth_6_leaf_20,2024-12-22,-14.107909545317547
FR,rf_depth_6_leaf_20,2024-12-23,-0.3945510844227158
FR,rf_depth_6_leaf_20,2024-12-24,-4.8001682573971465
FR,rf_depth_6_leaf_20,2024-12-25,6.18636400973557
FR,rf_depth_6_leaf_20,2024-12-26,6.8827115817355775
FR,rf_depth_6_leaf_20,2024-12-27,0.05182066614710834
FR,rf_depth_6_leaf_20,2024-12-28,0.7383544693039426
FR,rf_depth_6_leaf_20,2024-12-29,-46.58808466250643
FR,rf_depth_6_leaf_20,2024-12-30,-24.814645830793637
FR,rf_depth_6_leaf_20,2024-12-31,-23.090108035058023
FR,ridge_alpha_10,2024-09-01,11.283824788536748
FR,ridge_alpha_10,2024-09-02,1.8153453415064291
FR,ridge_alpha_10,2024-09-03,-10.355073050734376
FR,ridge_alpha_10,2024-09-04,-2.371268494858697
FR,ridge_alpha_10,2024-09-05,-8.123669203345159
FR,ridge_alpha_10,2024-09-06,17.16256379216486
FR,ridge_alpha_10,2024-09-07,-38.75208089598868
FR,ridge_alpha_10,2024-09-08,-6.344948327476857
FR,ridge_alpha_10,2024-09-09,-51.16710754438253
FR,ridge_alpha_10,2024-09-10,-3.27912243084873
FR,ridge_alpha_10,2024-09-11,-2.112644837214418
FR,ridge_alpha_10,2024-09-12,0.0
FR,ridge_alpha_10,2024-09-13,0.0
FR,ridge_alpha_10,2024-09-14,-8.96994017609103
FR,ridge_alpha_10,2024-09-15,6.722121701884049
FR,ridge_alpha_10,2024-09-16,-4.545387680355532
FR,ridge_alpha_10,2024-09-17,1.1419676740492264
FR,ridge_alpha_10,2024-09-18,0.0
FR,ridge_alpha_10,2024-09-19,-0.7706058076080922
FR,ridge_alpha_10,2024-09-20,39.06014587743687
FR,ridge_alpha_10,2024-09-21,-1.1359436211786544
FR,ridge_alpha_10,2024-09-22,5.342944537757717
FR,ridge_alpha_10,2024-09-23,-23.931645866330143
FR,ridge_alpha_10,2024-09-24,-7.021668584887891
FR,ridge_alpha_10,2024-09-25,-2.594495230772054
FR,ridge_alpha_10,2024-09-26,-5.592063238613065
FR,ridge_alpha_10,2024-09-27,19.76837542478883
FR,ridge_alpha_10,2024-09-28,-0.34099930651838406
FR,ridge_alpha_10,2024-09-29,-0.4546835231236628
FR,ridge_alpha_10,2024-09-30,2.3717082451262854
FR,ridge_alpha_10,2024-10-01,0.38500616631006324
FR,ridge_alpha_10,2024-10-02,-3.5850958707487735
FR,ridge_alpha_10,2024-10-03,-20.514174386195094
FR,ridge_alpha_10,2024-10-04,-1.9097916899683298
FR,ridge_alpha_10,2024-10-05,3.8169677429862077
FR,ridge_alpha_10,2024-10-06,-25.029901224526085
FR,ridge_alpha_10,2024-10-07,5.346726631520028
FR,ridge_alpha_10,2024-10-08,-1.414847861978643
FR,ridge_alpha_10,2024-10-09,-2.8241389983951137
FR,ridge_alpha_10,2024-10-10,-32.46091304924994
FR,ridge_alpha_10,2024-10-11,-26.810492006699292
FR,ridge_alpha_10,2024-10-12,-11.45019940730738
FR,ridge_alpha_10,2024-10-13,0.9639293014001851
FR,ridge_alpha_10,2024-10-14,-4.812265627645701
FR,ridge_alpha_10,2024-10-15,19.548824677975844
FR,ridge_alpha_10,2024-10-16,-7.07545686223466
FR,ridge_alpha_10,2024-10-17,-9.00504886306021
FR,ridge_alpha_10,2024-10-18,-16.881209380610983
FR,ridge_alpha_10,2024-10-19,-11.328782523670725
FR,ridge_alpha_10,2024-10-20,-1.5314735818055283
FR,ridge_alpha_10,2024-10-21,-0.4924127977714079
FR,ridge_alpha_10,2024-10-22,0.6629583343412264
FR,ridge_alpha_10,2024-10-23,3.8113227729439245
FR,ridge_alpha_10,2024-10-24,3.5535958433554526
FR,ridge_alpha_10,2024-10-25,-10.712432482887905
FR,ridge_alpha_10,2024-10-26,0.0
FR,ridge_alpha_10,2024-10-27,10.561416809600104
FR,ridge_alpha_10,2024-10-28,16.86193037707892
FR,ridge_alpha_10,2024-10-29,-29.93365661521483
FR,ridge_alpha_10,2024-10-30,-0.8191529998138662
FR,ridge_alpha_10,2024-10-31,17.831284202588108
FR,ridge_alpha_10,2024-11-01,-0.0757295747452531
FR,ridge_alpha_10,2024-11-02,-1.1399999999999864
FR,ridge_alpha_10,2024-11-03,-25.611807996905014
FR,ridge_alpha_10,2024-11-04,1.7368037042287483
FR,ridge_alpha_10,2024-11-05,-25.44843240380527
FR,ridge_alpha_10,2024-11-06,0.0
FR,ridge_alpha_10,2024-11-07,-1.6903922934206435
FR,ridge_alpha_10,2024-11-08,0.5787903212672063
FR,ridge_alpha_10,2024-11-09,-0.18878301132923525
FR,ridge_alpha_10,2024-11-10,-6.849138379937926
FR,ridge_alpha_10,2024-11-11,11.59586876168919
FR,ridge_alpha_10,2024-11-12,16.88444792199813
FR,ridge_alpha_10,2024-11-13,0.0
FR,ridge_alpha_10,2024-11-14,-1.5436391960750484
FR,ridge_alpha_10,2024-11-15,15.927490956357929
FR,ridge_alpha_10,2024-11-16,0.0
FR,ridge_alpha_10,2024-11-17,-25.058379143648807
FR,ridge_alpha_10,2024-11-18,-1.3528547602703043
FR,ridge_alpha_10,2024-11-19,-21.26967124528997
FR,ridge_alpha_10,2024-11-20,-0.38567990566684784
FR,ridge_alpha_10,2024-11-21,-2.334742789395847
FR,ridge_alpha_10,2024-11-22,29.68512863467103
FR,ridge_alpha_10,2024-11-23,24.66244368608409
FR,ridge_alpha_10,2024-11-24,-9.683501642446593
FR,ridge_alpha_10,2024-11-25,0.0
FR,ridge_alpha_10,2024-11-26,9.079165820092555
FR,ridge_alpha_10,2024-11-27,-1.5796107440789342
FR,ridge_alpha_10,2024-11-28,-2.7587923641999623
FR,ridge_alpha_10,2024-11-29,-7.788817723909688
FR,ridge_alpha_10,2024-11-30,9.265338406690404
FR,ridge_alpha_10,2024-12-01,7.531063970594801
FR,ridge_alpha_10,2024-12-02,-25.39842393301842
FR,ridge_alpha_10,2024-12-03,-15.882140807096846
FR,ridge_alpha_10,2024-12-04,0.0
FR,ridge_alpha_10,2024-12-05,4.919302113498361
FR,ridge_alpha_10,2024-12-06,-1.0251289712928724
FR,ridge_alpha_10,2024-12-07,-7.5849688095605785
FR,ridge_alpha_10,2024-12-08,4.340760400208367
FR,ridge_alpha_10,2024-12-09,-18.158284481460043
FR,ridge_alpha_10,2024-12-10,17.623441419066182
FR,ridge_alpha_10,2024-12-11,-2.314000000000078
FR,ridge_alpha_10,2024-12-12,-28.844042448315122
FR,ridge_alpha_10,2024-12-13,59.99407495573951
FR,ridge_alpha_10,2024-12-14,3.1034917998883316
FR,ridge_alpha_10,2024-12-15,-5.2288451630765564
FR,ridge_alpha_10,2024-12-16,0.0
FR,ridge_alpha_10,2024-12-17,-1.175972110686871
FR,ridge_alpha_10,2024-12-18,0.0
FR,ridge_alpha_10,2024-12-19,0.0
FR,ridge_alpha_10,2024-12-20,-29.63020021332551
FR,ridge_alpha_10,2024-12-21,-2.972126746886687
FR,ridge_alpha_10,2024-12-22,-12.285014788186963
FR,ridge_alpha_10,2024-12-23,0.0
FR,ridge_alpha_10,2024-12-24,-29.198503795886722
FR,ridge_alpha_10,2024-12-25,-0.9807767132325012
FR,ridge_alpha_10,2024-12-26,3.407307593401981
FR,ridge_alpha_10,2024-12-27,-1.252529304657429
FR,ridge_alpha_10,2024-12-28,-0.12263756478861865
FR,ridge_alpha_10,2024-12-29,0.0
FR,ridge_alpha_10,2024-12-30,5.794503814148868
FR,ridge_alpha_10,2024-12-31,-10.81494686351354
FR,seven_day_same_hour,2024-09-01,0.0
FR,seven_day_same_hour,2024-09-02,0.0
FR,seven_day_same_hour,2024-09-03,0.0
FR,seven_day_same_hour,2024-09-04,0.0
FR,seven_day_same_hour,2024-09-05,0.0
FR,seven_day_same_hour,2024-09-06,0.0
FR,seven_day_same_hour,2024-09-07,0.0
FR,seven_day_same_hour,2024-09-08,0.0
FR,seven_day_same_hour,2024-09-09,0.0
FR,seven_day_same_hour,2024-09-10,0.0
FR,seven_day_same_hour,2024-09-11,0.0
FR,seven_day_same_hour,2024-09-12,0.0
FR,seven_day_same_hour,2024-09-13,0.0
FR,seven_day_same_hour,2024-09-14,0.0
FR,seven_day_same_hour,2024-09-15,0.0
FR,seven_day_same_hour,2024-09-16,0.0
FR,seven_day_same_hour,2024-09-17,0.0
FR,seven_day_same_hour,2024-09-18,0.0
FR,seven_day_same_hour,2024-09-19,0.0
FR,seven_day_same_hour,2024-09-20,0.0
FR,seven_day_same_hour,2024-09-21,0.0
FR,seven_day_same_hour,2024-09-22,0.0
FR,seven_day_same_hour,2024-09-23,0.0
FR,seven_day_same_hour,2024-09-24,0.0
FR,seven_day_same_hour,2024-09-25,0.0
FR,seven_day_same_hour,2024-09-26,0.0
FR,seven_day_same_hour,2024-09-27,0.0
FR,seven_day_same_hour,2024-09-28,0.0
FR,seven_day_same_hour,2024-09-29,0.0
FR,seven_day_same_hour,2024-09-30,0.0
FR,seven_day_same_hour,2024-10-01,0.0
FR,seven_day_same_hour,2024-10-02,0.0
FR,seven_day_same_hour,2024-10-03,0.0
FR,seven_day_same_hour,2024-10-04,0.0
FR,seven_day_same_hour,2024-10-05,0.0
FR,seven_day_same_hour,2024-10-06,0.0
FR,seven_day_same_hour,2024-10-07,0.0
FR,seven_day_same_hour,2024-10-08,0.0
FR,seven_day_same_hour,2024-10-09,0.0
FR,seven_day_same_hour,2024-10-10,0.0
FR,seven_day_same_hour,2024-10-11,0.0
FR,seven_day_same_hour,2024-10-12,0.0
FR,seven_day_same_hour,2024-10-13,0.0
FR,seven_day_same_hour,2024-10-14,0.0
FR,seven_day_same_hour,2024-10-15,0.0
FR,seven_day_same_hour,2024-10-16,0.0
FR,seven_day_same_hour,2024-10-17,0.0
FR,seven_day_same_hour,2024-10-18,0.0
FR,seven_day_same_hour,2024-10-19,0.0
FR,seven_day_same_hour,2024-10-20,0.0
FR,seven_day_same_hour,2024-10-21,0.0
FR,seven_day_same_hour,2024-10-22,0.0
FR,seven_day_same_hour,2024-10-23,0.0
FR,seven_day_same_hour,2024-10-24,0.0
FR,seven_day_same_hour,2024-10-25,0.0
FR,seven_day_same_hour,2024-10-26,0.0
FR,seven_day_same_hour,2024-10-27,0.0
FR,seven_day_same_hour,2024-10-28,0.0
FR,seven_day_same_hour,2024-10-29,0.0
FR,seven_day_same_hour,2024-10-30,0.0
FR,seven_day_same_hour,2024-10-31,0.0
FR,seven_day_same_hour,2024-11-01,0.0
FR,seven_day_same_hour,2024-11-02,0.0
FR,seven_day_same_hour,2024-11-03,0.0
FR,seven_day_same_hour,2024-11-04,0.0
FR,seven_day_same_hour,2024-11-05,0.0
FR,seven_day_same_hour,2024-11-06,0.0
FR,seven_day_same_hour,2024-11-07,0.0
FR,seven_day_same_hour,2024-11-08,0.0
FR,seven_day_same_hour,2024-11-09,0.0
FR,seven_day_same_hour,2024-11-10,0.0
FR,seven_day_same_hour,2024-11-11,0.0
FR,seven_day_same_hour,2024-11-12,0.0
FR,seven_day_same_hour,2024-11-13,0.0
FR,seven_day_same_hour,2024-11-14,0.0
FR,seven_day_same_hour,2024-11-15,0.0
FR,seven_day_same_hour,2024-11-16,0.0
FR,seven_day_same_hour,2024-11-17,0.0
FR,seven_day_same_hour,2024-11-18,0.0
FR,seven_day_same_hour,2024-11-19,0.0
FR,seven_day_same_hour,2024-11-20,0.0
FR,seven_day_same_hour,2024-11-21,0.0
FR,seven_day_same_hour,2024-11-22,0.0
FR,seven_day_same_hour,2024-11-23,0.0
FR,seven_day_same_hour,2024-11-24,0.0
FR,seven_day_same_hour,2024-11-25,0.0
FR,seven_day_same_hour,2024-11-26,0.0
FR,seven_day_same_hour,2024-11-27,0.0
FR,seven_day_same_hour,2024-11-28,0.0
FR,seven_day_same_hour,2024-11-29,0.0
FR,seven_day_same_hour,2024-11-30,0.0
FR,seven_day_same_hour,2024-12-01,0.0
FR,seven_day_same_hour,2024-12-02,0.0
FR,seven_day_same_hour,2024-12-03,0.0
FR,seven_day_same_hour,2024-12-04,0.0
FR,seven_day_same_hour,2024-12-05,0.0
FR,seven_day_same_hour,2024-12-06,0.0
FR,seven_day_same_hour,2024-12-07,0.0
FR,seven_day_same_hour,2024-12-08,0.0
FR,seven_day_same_hour,2024-12-09,0.0
FR,seven_day_same_hour,2024-12-10,0.0
FR,seven_day_same_hour,2024-12-11,0.0
FR,seven_day_same_hour,2024-12-12,0.0
FR,seven_day_same_hour,2024-12-13,0.0
FR,seven_day_same_hour,2024-12-14,0.0
FR,seven_day_same_hour,2024-12-15,0.0
FR,seven_day_same_hour,2024-12-16,0.0
FR,seven_day_same_hour,2024-12-17,0.0
FR,seven_day_same_hour,2024-12-18,0.0
FR,seven_day_same_hour,2024-12-19,0.0
FR,seven_day_same_hour,2024-12-20,0.0
FR,seven_day_same_hour,2024-12-21,0.0
FR,seven_day_same_hour,2024-12-22,0.0
FR,seven_day_same_hour,2024-12-23,0.0
FR,seven_day_same_hour,2024-12-24,0.0
FR,seven_day_same_hour,2024-12-25,0.0
FR,seven_day_same_hour,2024-12-26,0.0
FR,seven_day_same_hour,2024-12-27,0.0
FR,seven_day_same_hour,2024-12-28,0.0
FR,seven_day_same_hour,2024-12-29,0.0
FR,seven_day_same_hour,2024-12-30,0.0
FR,seven_day_same_hour,2024-12-31,0.0
